txn_id,txn_date,customer_id,product_id,quantity,age,gender,product_name,super_category,category,brand,base_price,discount_percent,monthly_sales_volume,avg_rating,return_rate_percent,profit_margin_percent,is_perishable,shelf_life_days,launch_date,sentiment_score,popularity_index,last_updated,product_price,total_price
T000085,2025-12-01,CUST007,P00512,4,51-65,M,Patanjali Hand Wash,Personal Care,Bath & Body,Patanjali,76.0,10,674,4.0,21.77,36.42,No,429,2023-01-27,,,,68.4,273.6
T000086,2025-12-01,CUST007,P00629,3,51-65,M,Pepsi Fruit Juice,Beverages,Cold Drinks & Juices,Pepsi,64.0,5,743,3.9,22.76,31.16,No,682,2022-12-28,,,,60.8,182.39999999999998
T000087,2025-12-01,CUST007,P00207,2,51-65,M,LocalFarm Banana,Fresh,Fruits & Vegetables,LocalFarm,125.0,5,1211,3.3,34.45,36.72,Yes,12,2022-02-03,0.31,614.0,2026-01-18,118.75,237.5
T000120,2025-12-01,CUST012,P00790,2,51-65,O,Amul Kaju Katli,Snacks,Chocolates & Sweets,Amul,489.0,10,421,4.4,13.03,35.27,No,425,2022-01-09,,,,440.1,880.2
T000121,2025-12-01,CUST012,P00231,4,51-65,O,B Natural Iced Tea,Beverages,Cold Drinks & Juices,B Natural,101.0,0,667,3.3,36.13,39.66,No,531,2023-08-20,0.49,820.0,2026-01-18,101.0,404.0
T000122,2025-12-01,CUST012,P00868,1,51-65,O,Lux Hand Wash,Personal Care,Bath & Body,Lux,239.0,15,487,4.6,8.34,33.59,No,465,2020-10-23,,,,203.15,203.15
T000123,2025-12-01,CUST012,P00944,4,51-65,O,Pears Shampoo,Personal Care,Bath & Body,Pears,75.0,5,319,3.8,25.37,25.56,No,665,2022-05-26,,,,71.25,285.0
T000124,2025-12-01,CUST012,P00421,2,51-65,O,Colgate Toothpaste,Personal Care,Oral Care,Colgate,91.0,10,353,3.7,27.96,29.34,No,584,2021-07-09,,,,81.9,163.8
T000172,2025-12-01,CUST019,P00573,2,36-50,O,Patanjali Sunflower Oil,Staples,Edible Oils & Ghee,Patanjali,231.0,15,382,4.7,7.56,30.59,No,480,2022-05-03,,,,196.35,392.7
T000173,2025-12-01,CUST019,P00369,1,36-50,O,Sunfeast Roasted Peanuts,Snacks,Snacks & Biscuits,Sunfeast,86.0,15,1107,4.0,21.21,35.26,No,578,2023-10-10,,,,73.1,73.1
T000174,2025-12-01,CUST019,P00269,1,36-50,O,Country Delight Milk,Fresh,Dairy & Eggs,Country Delight,81.0,10,1742,4.5,12.22,36.36,Yes,10,2023-04-26,0.83,790.0,2026-01-18,72.9,72.9
T000175,2025-12-01,CUST019,P00437,4,36-50,O,Nestle Soan Papdi,Snacks,Chocolates & Sweets,Nestle,419.0,0,781,4.3,16.92,36.46,No,624,2021-10-26,0.46,969.0,2026-01-18,419.0,1676.0
T000244,2025-12-01,CUST023,P00649,3,51-65,M,Continental Filter Coffee,Beverages,Tea & Coffee,Continental,568.0,15,200,4.6,10.6,38.14,No,275,2021-02-21,,,,482.8,1448.4
T000009,2025-12-02,CUST001,P00889,4,51-65,O,24 Mantra Urad Dal,Staples,"Atta, Rice & Dal",24 Mantra,70.0,10,904,3.9,24.57,26.24,No,312,2022-06-21,0.19,314.0,2026-01-18,63.0,252.0
T000010,2025-12-02,CUST001,P00539,1,51-65,O,Aashirvaad Brown Rice,Staples,"Atta, Rice & Dal",Aashirvaad,245.0,15,883,4.9,2.77,27.81,No,362,2022-06-21,0.4,73.0,2026-01-18,208.25,208.25
T000104,2025-12-02,CUST010,P00716,4,51-65,M,Country Delight Ghee,Fresh,Dairy & Eggs,Country Delight,162.0,0,1612,3.6,28.83,33.7,Yes,12,2021-10-09,,,,162.0,648.0
T000105,2025-12-02,CUST010,P00827,1,51-65,M,Fiama Body Wash,Personal Care,Bath & Body,Fiama,162.0,0,250,4.2,16.25,35.71,No,684,2020-01-22,,,,162.0,162.0
T000106,2025-12-02,CUST010,P00924,2,51-65,M,Wagh Bakri Instant Coffee,Beverages,Tea & Coffee,Wagh Bakri,639.0,5,168,4.2,18.15,25.81,No,256,2023-03-21,,,,607.05,1214.1
T000191,2025-12-02,CUST020,P00526,2,36-50,M,Dettol Bleach,Household,Cleaning & Laundry,Dettol,560.0,20,355,3.9,24.88,28.03,No,476,2020-12-09,0.32,974.0,2026-01-18,448.0,896.0
T000192,2025-12-02,CUST020,P00642,3,36-50,M,Scotch-Brite Aluminium Foil,Household,Kitchen Essentials,Scotch-Brite,280.0,5,280,4.9,3.19,36.82,No,572,2023-12-21,,,,266.0,798.0
T000193,2025-12-02,CUST020,P00310,3,36-50,M,Ferrero Soan Papdi,Snacks,Chocolates & Sweets,Ferrero,150.0,5,315,3.7,28.23,28.39,No,508,2021-07-05,0.97,730.0,2026-01-18,142.5,427.5
T000212,2025-12-02,CUST022,P00618,4,51-65,O,FreshBasket Capsicum,Fresh,Fruits & Vegetables,FreshBasket,148.0,10,968,4.2,17.09,33.46,Yes,12,2023-07-25,0.92,166.0,2026-01-18,133.2,532.8
T000213,2025-12-02,CUST022,P00125,1,51-65,O,Pepsi Apple Juice,Beverages,Cold Drinks & Juices,Pepsi,149.0,5,238,3.6,29.31,33.41,No,715,2023-06-02,,,,141.55,141.55
T000214,2025-12-02,CUST022,P00434,4,51-65,O,Pepsi Apple Juice,Beverages,Cold Drinks & Juices,Pepsi,57.0,0,716,4.5,10.21,32.95,No,376,2021-05-27,,,,57.0,228.0
T000215,2025-12-02,CUST022,P00460,2,51-65,O,Freedom Sunflower Oil,Staples,Edible Oils & Ghee,Freedom,130.0,20,697,3.6,29.2,33.48,No,313,2020-10-03,0.3,471.0,2026-01-18,104.0,208.0
T000245,2025-12-02,CUST023,P00173,4,51-65,M,Scotch-Brite Food Storage Bags,Household,Kitchen Essentials,Scotch-Brite,110.0,20,308,4.2,18.99,32.83,No,565,2021-10-04,0.77,883.0,2026-01-18,88.0,352.0
T000246,2025-12-02,CUST023,P00779,3,51-65,M,Continental Herbal Tea,Beverages,Tea & Coffee,Continental,415.0,20,196,3.9,22.12,26.18,No,574,2023-03-04,,,,332.0,996.0
T000263,2025-12-02,CUST025,P00310,2,19-35,O,Ferrero Soan Papdi,Snacks,Chocolates & Sweets,Ferrero,150.0,5,315,3.7,28.23,28.39,No,508,2021-07-05,0.97,730.0,2026-01-18,142.5,285.0
T000264,2025-12-02,CUST025,P00348,3,19-35,O,Milton Kitchen Towels,Household,Kitchen Essentials,Milton,145.0,15,405,3.8,24.16,36.66,No,645,2021-11-10,,,,123.25,369.75
T000265,2025-12-02,CUST025,P00829,4,19-35,O,Milton Cling Wrap,Household,Kitchen Essentials,Milton,61.0,20,595,4.8,6.02,26.77,No,716,2021-04-05,,,,48.8,195.2
T000266,2025-12-02,CUST025,P00936,3,19-35,O,Haldirams Milk Chocolate,Snacks,Chocolates & Sweets,Haldirams,158.0,5,394,4.8,5.16,33.22,No,705,2021-02-19,,,,150.1,450.29999999999995
T000267,2025-12-02,CUST025,P00601,4,19-35,O,Fortune Masoor Dal,Staples,"Atta, Rice & Dal",Fortune,100.0,20,350,4.1,20.15,25.54,No,355,2023-01-05,0.89,445.0,2026-01-18,80.0,320.0
T000334,2025-12-03,CUST029,P00909,1,36-50,M,Closeup Toothbrush,Personal Care,Oral Care,Closeup,131.0,20,286,3.9,22.3,27.98,No,696,2020-08-30,,,,104.8,104.8
T000024,2025-12-04,CUST003,P00760,3,19-35,O,Fortune Atta,Staples,"Atta, Rice & Dal",Fortune,140.0,10,531,4.1,19.17,38.84,No,191,2023-10-19,,,,126.0,378.0
T000025,2025-12-04,CUST003,P00527,1,19-35,O,Milky Mist White Eggs,Fresh,Dairy & Eggs,Milky Mist,45.0,15,1958,3.5,30.15,25.16,Yes,14,2020-02-25,0.41,863.0,2026-01-18,38.25,38.25
T000026,2025-12-04,CUST003,P00691,1,19-35,O,Tropicana Fruit Juice,Beverages,Cold Drinks & Juices,Tropicana,50.0,20,1142,3.4,33.11,35.66,No,715,2020-11-09,,,,40.0,40.0
T000027,2025-12-04,CUST003,P00376,3,19-35,O,Pears Body Wash,Personal Care,Bath & Body,Pears,75.0,5,444,4.0,20.99,30.11,No,336,2023-03-04,,,,71.25,213.75
T000100,2025-12-04,CUST010,P00036,1,51-65,M,Organic India Lady Finger,Fresh,Fruits & Vegetables,Organic India,91.0,0,1471,3.8,25.53,29.8,Yes,13,2021-11-09,0.3,816.0,2026-01-18,91.0,91.0
T000101,2025-12-04,CUST010,P00662,3,51-65,M,Brooke Bond Masala Tea,Beverages,Tea & Coffee,Brooke Bond,316.0,5,196,4.5,11.81,26.93,No,288,2022-06-07,0.34,376.0,2026-01-18,300.2,900.5999999999999
T000102,2025-12-04,CUST010,P00022,4,51-65,M,Wagh Bakri Herbal Tea,Beverages,Tea & Coffee,Wagh Bakri,510.0,0,225,3.8,26.96,36.02,No,645,2021-08-07,0.85,419.0,2026-01-18,510.0,2040.0
T000103,2025-12-04,CUST010,P00748,2,51-65,M,Pepsodent Dental Floss,Personal Care,Oral Care,Pepsodent,150.0,0,529,3.9,23.42,35.07,No,642,2023-08-01,,,,150.0,300.0
T000310,2025-12-04,CUST027,P00274,3,36-50,F,Closeup Mouthwash,Personal Care,Oral Care,Closeup,119.0,5,190,4.8,4.41,28.45,No,291,2020-11-14,0.76,999.0,2026-01-18,113.05,339.15
T000311,2025-12-04,CUST027,P00895,1,36-50,F,Sprite Soft Drink,Beverages,Cold Drinks & Juices,Sprite,25.0,15,890,3.6,28.53,37.88,No,460,2022-04-09,,,,21.25,21.25
T000312,2025-12-04,CUST027,P00749,1,36-50,F,Parle Namkeen Mix,Snacks,Snacks & Biscuits,Parle,192.0,20,545,3.3,36.07,32.67,No,371,2021-02-11,,,,153.6,153.6
T000043,2025-12-05,CUST005,P00973,2,36-50,M,Fiama Talcum Powder,Personal Care,Bath & Body,Fiama,283.0,10,260,4.9,4.43,29.01,No,422,2020-08-03,,,,254.7,509.4
T000044,2025-12-05,CUST005,P00596,2,36-50,M,Santoor Body Lotion,Personal Care,Bath & Body,Santoor,79.0,0,254,4.8,5.44,35.33,No,551,2020-10-11,0.38,469.0,2026-01-18,79.0,158.0
T000045,2025-12-05,CUST005,P00543,4,36-50,M,Bru Herbal Tea,Beverages,Tea & Coffee,Bru,171.0,20,398,3.2,38.86,27.73,No,673,2020-09-05,0.72,994.0,2026-01-18,136.8,547.2
T000046,2025-12-05,CUST005,P00236,2,36-50,M,Dabur Red Electric Toothbrush,Personal Care,Oral Care,Dabur Red,71.0,5,433,3.4,32.92,37.25,No,324,2022-11-12,,,,67.45,134.9
T000047,2025-12-05,CUST005,P00588,1,36-50,M,Continental Instant Coffee,Beverages,Tea & Coffee,Continental,143.0,10,742,3.7,27.68,33.05,No,207,2020-01-06,0.66,587.0,2026-01-18,128.7,128.7
T000048,2025-12-05,CUST005,P00255,1,36-50,M,Scotch-Brite Cling Wrap,Household,Kitchen Essentials,Scotch-Brite,91.0,5,206,4.2,17.15,25.55,No,502,2020-10-13,,,,86.45,86.45
T000049,2025-12-05,CUST005,P00640,1,36-50,M,Daawat Sona Masoori Rice,Staples,"Atta, Rice & Dal",Daawat,197.0,15,1020,3.4,34.57,31.0,No,469,2024-01-28,0.93,385.0,2026-01-18,167.45,167.45
T000050,2025-12-05,CUST005,P00711,1,36-50,M,Santoor Body Wash,Personal Care,Bath & Body,Santoor,229.0,5,437,3.2,38.23,28.62,No,546,2021-01-27,,,,217.55,217.55
T000051,2025-12-05,CUST005,P00493,3,36-50,M,Prestige Kitchen Towels,Household,Kitchen Essentials,Prestige,292.0,5,214,4.4,14.94,39.98,No,204,2022-08-10,,,,277.4,832.1999999999999
T000052,2025-12-05,CUST005,P00090,1,36-50,M,Wagh Bakri Tea Powder,Beverages,Tea & Coffee,Wagh Bakri,490.0,20,431,4.2,18.98,35.57,No,585,2021-07-16,,,,392.0,392.0
T000053,2025-12-05,CUST005,P00171,3,36-50,M,Wagh Bakri Filter Coffee,Beverages,Tea & Coffee,Wagh Bakri,152.0,20,678,3.5,31.89,30.7,No,569,2020-10-29,0.87,348.0,2026-01-18,121.6,364.79999999999995
T000054,2025-12-05,CUST005,P00706,3,36-50,M,Milky Mist Cheese,Fresh,Dairy & Eggs,Milky Mist,244.0,15,968,4.6,8.64,27.39,Yes,9,2020-04-03,0.81,653.0,2026-01-18,207.4,622.2
T000055,2025-12-05,CUST005,P00851,2,36-50,M,Sundrop Desi Ghee,Staples,Edible Oils & Ghee,Sundrop,473.0,20,832,3.9,23.82,36.9,No,183,2020-11-23,,,,378.4,756.8
T000056,2025-12-05,CUST005,P00409,2,36-50,M,Fiama Conditioner,Personal Care,Bath & Body,Fiama,163.0,10,305,3.6,30.5,27.45,No,544,2020-11-15,0.41,586.0,2026-01-18,146.7,293.4
T000135,2025-12-05,CUST015,P00116,4,19-35,M,Emami Healthy & Tasty Groundnut Oil,Staples,Edible Oils & Ghee,Emami Healthy & Tasty,220.0,10,503,3.8,24.02,28.8,No,359,2020-09-21,0.27,965.0,2026-01-18,198.0,792.0
T000136,2025-12-05,CUST015,P00363,1,19-35,M,Pigeon Aluminium Foil,Household,Kitchen Essentials,Pigeon,152.0,5,524,3.3,35.52,33.76,No,593,2020-07-07,,,,144.4,144.4
T000143,2025-12-05,CUST016,P00638,3,51-65,O,FreshBasket Orange,Fresh,Fruits & Vegetables,FreshBasket,70.0,10,1309,3.3,35.85,31.0,Yes,7,2020-07-01,0.39,653.0,2026-01-18,63.0,189.0
T000144,2025-12-05,CUST016,P00219,3,51-65,O,Scotch-Brite Aluminium Foil,Household,Kitchen Essentials,Scotch-Brite,85.0,10,638,3.4,33.79,35.13,No,574,2020-01-26,,,,76.5,229.5
T000145,2025-12-05,CUST016,P00200,3,51-65,O,Saffola Groundnut Oil,Staples,Edible Oils & Ghee,Saffola,160.0,15,1117,3.8,25.61,27.56,No,232,2021-07-03,0.12,404.0,2026-01-18,136.0,408.0
T000146,2025-12-05,CUST016,P00968,4,51-65,O,Paper Boat Iced Tea,Beverages,Cold Drinks & Juices,Paper Boat,128.0,5,244,3.7,26.36,34.16,No,490,2020-03-10,,,,121.6,486.4
T000161,2025-12-05,CUST017,P00557,2,51-65,M,Aashirvaad Rajma,Staples,"Atta, Rice & Dal",Aashirvaad,77.0,10,894,3.6,28.75,30.75,No,644,2020-03-29,,,,69.3,138.6
T000348,2025-12-05,CUST030,P00902,2,19-35,M,Dodla Flavoured Milk,Fresh,Dairy & Eggs,Dodla,135.0,15,1246,3.8,25.63,32.16,Yes,10,2020-08-20,,,,114.75,229.5
T000349,2025-12-05,CUST030,P00171,2,19-35,M,Wagh Bakri Filter Coffee,Beverages,Tea & Coffee,Wagh Bakri,152.0,20,678,3.5,31.89,30.7,No,569,2020-10-29,0.87,348.0,2026-01-18,121.6,243.2
T000081,2025-12-06,CUST007,P00391,3,51-65,M,NaturePick Coriander,Fresh,Fruits & Vegetables,NaturePick,127.0,5,821,3.5,32.7,31.0,Yes,13,2022-10-27,,,,120.65,361.95000000000005
T000082,2025-12-06,CUST007,P00378,2,51-65,M,Lays Marie Biscuits,Snacks,Snacks & Biscuits,Lays,138.0,15,919,4.5,11.46,38.37,No,263,2021-07-28,0.31,965.0,2026-01-18,117.3,234.6
T000083,2025-12-06,CUST007,P00591,3,51-65,M,Amul Brown Eggs,Fresh,Dairy & Eggs,Amul,246.0,10,676,4.2,16.44,33.09,Yes,7,2022-01-01,0.9,282.0,2026-01-18,221.4,664.2
T000084,2025-12-06,CUST007,P00054,1,51-65,M,Santoor Conditioner,Personal Care,Bath & Body,Santoor,171.0,10,267,4.2,18.89,29.22,No,347,2021-09-29,0.55,192.0,2026-01-18,153.9,153.9
T000097,2025-12-06,CUST009,P00529,2,19-35,M,FarmFresh Ginger,Fresh,Fruits & Vegetables,FarmFresh,58.0,15,2190,4.6,8.78,29.48,Yes,12,2021-01-05,0.49,881.0,2026-01-18,49.3,98.6
T000098,2025-12-06,CUST009,P00860,1,19-35,M,Patanjali Bath Soap,Personal Care,Bath & Body,Patanjali,91.0,15,534,3.2,38.48,28.55,No,224,2020-09-27,,,,77.35,77.35
T000099,2025-12-06,CUST009,P00016,3,19-35,M,Santoor Face Wash,Personal Care,Bath & Body,Santoor,231.0,15,526,4.0,20.74,39.04,No,201,2023-04-19,0.86,46.0,2026-01-18,196.35,589.05
T000194,2025-12-06,CUST020,P00671,1,36-50,M,Prestige Kitchen Towels,Household,Kitchen Essentials,Prestige,107.0,10,462,4.8,6.5,29.91,No,548,2022-08-25,,,,96.3,96.3
T000292,2025-12-06,CUST026,P00034,2,19-35,F,Dhara Sunflower Oil,Staples,Edible Oils & Ghee,Dhara,420.0,15,863,4.3,16.21,36.28,No,343,2023-12-07,0.67,212.0,2026-01-18,357.0,714.0
T000130,2025-12-07,CUST014,P00898,3,36-50,O,Dabur Red Toothpaste,Personal Care,Oral Care,Dabur Red,250.0,20,245,3.3,36.0,30.75,No,511,2023-09-22,,,,200.0,600.0
T000131,2025-12-07,CUST014,P00771,4,36-50,O,Pepsodent Toothpaste,Personal Care,Oral Care,Pepsodent,237.0,10,335,3.6,29.62,26.4,No,434,2023-11-08,,,,213.3,853.2
T000132,2025-12-07,CUST014,P00471,1,36-50,O,Oral-B Electric Toothbrush,Personal Care,Oral Care,Oral-B,206.0,5,402,3.6,28.46,25.44,No,517,2022-07-08,,,,195.7,195.7
T000133,2025-12-07,CUST014,P00760,4,36-50,O,Fortune Atta,Staples,"Atta, Rice & Dal",Fortune,140.0,10,531,4.1,19.17,38.84,No,191,2023-10-19,,,,126.0,504.0
T000134,2025-12-07,CUST014,P00060,1,36-50,O,FarmFresh Orange,Fresh,Fruits & Vegetables,FarmFresh,124.0,15,1337,4.4,13.94,32.64,Yes,5,2020-07-09,0.65,508.0,2026-01-18,105.4,105.4
T000300,2025-12-07,CUST027,P00337,2,36-50,F,Fortune Atta,Staples,"Atta, Rice & Dal",Fortune,106.0,20,1391,3.5,30.27,32.32,No,283,2021-06-08,0.3,281.0,2026-01-18,84.8,169.6
T000301,2025-12-07,CUST027,P00186,4,36-50,F,Heritage Fresh Cream,Fresh,Dairy & Eggs,Heritage,86.0,5,1505,3.5,32.24,30.92,Yes,11,2023-12-08,0.52,314.0,2026-01-18,81.7,326.8
T000302,2025-12-07,CUST027,P00034,4,36-50,F,Dhara Sunflower Oil,Staples,Edible Oils & Ghee,Dhara,420.0,15,863,4.3,16.21,36.28,No,343,2023-12-07,0.67,212.0,2026-01-18,357.0,1428.0
T000303,2025-12-07,CUST027,P00090,3,36-50,F,Wagh Bakri Tea Powder,Beverages,Tea & Coffee,Wagh Bakri,490.0,20,431,4.2,18.98,35.57,No,585,2021-07-16,,,,392.0,1176.0
T000006,2025-12-08,CUST001,P00964,3,51-65,O,Closeup Toothpaste,Personal Care,Oral Care,Closeup,209.0,5,184,3.3,34.46,26.8,No,712,2020-07-17,,,,198.55,595.6500000000001
T000007,2025-12-08,CUST001,P00597,2,51-65,O,Girnar Green Tea,Beverages,Tea & Coffee,Girnar,129.0,0,349,3.4,34.08,29.68,No,494,2020-09-13,0.32,756.0,2026-01-18,129.0,258.0
T000127,2025-12-08,CUST013,P00145,1,36-50,O,Aavin Buttermilk,Fresh,Dairy & Eggs,Aavin,220.0,15,1082,3.8,24.56,29.62,Yes,10,2022-11-29,0.77,842.0,2026-01-18,187.0,187.0
T000128,2025-12-08,CUST014,P00870,1,36-50,O,Oral-B Toothbrush,Personal Care,Oral Care,Oral-B,112.0,15,531,4.1,19.62,32.61,No,415,2022-02-26,,,,95.2,95.2
T000129,2025-12-08,CUST014,P00004,1,36-50,O,Tropicana Apple Juice,Beverages,Cold Drinks & Juices,Tropicana,87.0,0,1377,4.0,20.37,26.16,No,260,2023-02-04,0.45,819.0,2026-01-18,87.0,87.0
T000260,2025-12-08,CUST025,P00770,1,19-35,O,24 Mantra Sona Masoori Rice,Staples,"Atta, Rice & Dal",24 Mantra,428.0,10,407,3.7,27.93,28.59,No,713,2022-04-29,0.58,597.0,2026-01-18,385.2,385.2
T000261,2025-12-08,CUST025,P00480,2,19-35,O,Pears Conditioner,Personal Care,Bath & Body,Pears,265.0,15,333,4.5,10.86,37.5,No,481,2023-06-09,,,,225.25,450.5
T000262,2025-12-08,CUST025,P00879,4,19-35,O,Bru Masala Tea,Beverages,Tea & Coffee,Bru,489.0,5,153,4.6,9.94,37.08,No,291,2020-08-01,,,,464.55,1858.2
T000268,2025-12-09,CUST025,P00067,2,19-35,O,Dettol Toilet Cleaner,Household,Cleaning & Laundry,Dettol,533.0,10,523,4.9,2.92,30.68,No,281,2021-03-01,0.76,886.0,2026-01-18,479.7,959.4
T000269,2025-12-09,CUST025,P00180,2,19-35,O,Rin Detergent Powder,Household,Cleaning & Laundry,Rin,507.0,5,128,4.9,3.19,32.57,No,476,2020-03-17,0.72,404.0,2026-01-18,481.65,963.3
T000270,2025-12-09,CUST025,P00951,3,19-35,O,Saffola Olive Oil,Staples,Edible Oils & Ghee,Saffola,419.0,15,688,3.9,24.98,35.36,No,222,2023-04-01,0.8,182.0,2026-01-18,356.15,1068.4499999999998
T000271,2025-12-09,CUST025,P00956,2,19-35,O,Kurkure Bhujia,Snacks,Snacks & Biscuits,Kurkure,169.0,0,658,3.6,29.42,34.68,No,575,2022-05-15,,,,169.0,338.0
T000343,2025-12-09,CUST030,P00231,3,19-35,M,B Natural Iced Tea,Beverages,Cold Drinks & Juices,B Natural,101.0,0,667,3.3,36.13,39.66,No,531,2023-08-20,0.49,820.0,2026-01-18,101.0,303.0
T000344,2025-12-09,CUST030,P00216,2,19-35,M,Dodla Ghee,Fresh,Dairy & Eggs,Dodla,88.0,10,1699,4.8,5.3,29.81,Yes,11,2020-06-24,,,,79.2,158.4
T000345,2025-12-09,CUST030,P00252,4,19-35,M,FreshBasket Onion,Fresh,Fruits & Vegetables,FreshBasket,39.0,5,1608,4.1,19.34,39.87,Yes,10,2020-09-03,0.89,569.0,2026-01-18,37.05,148.2
T000346,2025-12-09,CUST030,P00379,1,19-35,M,Fortune Brown Rice,Staples,"Atta, Rice & Dal",Fortune,422.0,0,223,4.6,9.89,27.81,No,594,2023-04-23,0.23,689.0,2026-01-18,422.0,422.0
T000347,2025-12-09,CUST030,P00366,2,19-35,M,Girnar Instant Coffee,Beverages,Tea & Coffee,Girnar,125.0,20,574,4.1,19.53,32.7,No,483,2023-08-27,0.79,298.0,2026-01-18,100.0,200.0
T000012,2025-12-10,CUST001,P00312,4,51-65,O,Organic India Orange,Fresh,Fruits & Vegetables,Organic India,149.0,15,914,4.5,11.57,31.47,Yes,7,2021-01-29,0.65,275.0,2026-01-18,126.65,506.6
T000013,2025-12-10,CUST001,P00367,4,51-65,O,Fortune Coconut Oil,Staples,Edible Oils & Ghee,Fortune,178.0,5,954,4.1,18.02,39.02,No,398,2023-11-04,0.67,76.0,2026-01-18,169.1,676.4
T000157,2025-12-10,CUST017,P00811,4,51-65,M,Heritage Flavoured Milk,Fresh,Dairy & Eggs,Heritage,35.0,20,2051,4.9,3.44,29.6,Yes,6,2023-04-29,,,,28.0,112.0
T000158,2025-12-10,CUST017,P00728,1,51-65,M,Nestle Gulab Jamun,Snacks,Chocolates & Sweets,Nestle,157.0,15,1100,4.5,10.13,36.71,No,183,2023-08-01,0.11,446.0,2026-01-18,133.45,133.45
T000159,2025-12-10,CUST017,P00155,1,51-65,M,FreshBasket Cucumber,Fresh,Fruits & Vegetables,FreshBasket,142.0,20,1788,4.5,12.47,38.89,Yes,10,2023-08-08,0.13,942.0,2026-01-18,113.6,113.6
T000160,2025-12-10,CUST017,P00443,1,51-65,M,Vim Bleach,Household,Cleaning & Laundry,Vim,349.0,20,467,4.0,22.33,32.41,No,369,2020-02-08,0.89,663.0,2026-01-18,279.2,279.2
T000162,2025-12-10,CUST018,P00284,4,19-35,O,Balaji Potato Chips,Snacks,Snacks & Biscuits,Balaji,172.0,5,313,4.7,8.34,39.12,No,663,2022-12-20,0.74,775.0,2026-01-18,163.4,653.6
T000163,2025-12-10,CUST018,P00942,4,19-35,O,Tide Dishwash Bar,Household,Cleaning & Laundry,Tide,494.0,15,414,3.4,34.2,26.81,No,454,2022-10-11,,,,419.9,1679.6
T000164,2025-12-10,CUST018,P00443,1,19-35,O,Vim Bleach,Household,Cleaning & Laundry,Vim,349.0,20,467,4.0,22.33,32.41,No,369,2020-02-08,0.89,663.0,2026-01-18,279.2,279.2
T000240,2025-12-10,CUST023,P00319,1,51-65,M,Oral-B Mouthwash,Personal Care,Oral Care,Oral-B,77.0,15,211,3.8,24.83,35.12,No,463,2021-06-18,0.99,612.0,2026-01-18,65.45,65.45
T000241,2025-12-10,CUST023,P00750,1,51-65,M,Heritage Cheese,Fresh,Dairy & Eggs,Heritage,89.0,10,1898,4.1,19.36,34.47,Yes,5,2020-12-17,0.75,321.0,2026-01-18,80.1,80.1
T000242,2025-12-10,CUST023,P00820,2,51-65,M,Haldirams Digestive Biscuits,Snacks,Snacks & Biscuits,Haldirams,100.0,15,1053,3.2,37.81,38.84,No,307,2022-12-24,0.74,724.0,2026-01-18,85.0,170.0
T000243,2025-12-10,CUST023,P00979,2,51-65,M,Bru Filter Coffee,Beverages,Tea & Coffee,Bru,172.0,20,240,3.4,33.55,38.49,No,690,2021-04-17,,,,137.6,275.2
T000001,2025-12-11,CUST001,P00245,1,51-65,O,Thums Up Orange Juice,Beverages,Cold Drinks & Juices,Thums Up,53.0,5,534,4.4,14.49,28.58,No,582,2022-09-29,0.76,955.0,2026-01-18,50.35,50.35
T000002,2025-12-11,CUST001,P00748,1,51-65,O,Pepsodent Dental Floss,Personal Care,Oral Care,Pepsodent,150.0,0,529,3.9,23.42,35.07,No,642,2023-08-01,,,,150.0,150.0
T000003,2025-12-11,CUST001,P00621,1,51-65,O,Bru Green Tea,Beverages,Tea & Coffee,Bru,511.0,10,603,4.1,20.01,31.79,No,199,2023-07-09,0.1,432.0,2026-01-18,459.9,459.9
T000004,2025-12-11,CUST001,P00139,3,51-65,O,Amul White Eggs,Fresh,Dairy & Eggs,Amul,191.0,20,1511,3.6,28.43,33.56,Yes,14,2021-12-23,0.28,991.0,2026-01-18,152.8,458.40000000000003
T000005,2025-12-11,CUST001,P00369,1,51-65,O,Sunfeast Roasted Peanuts,Snacks,Snacks & Biscuits,Sunfeast,86.0,15,1107,4.0,21.21,35.26,No,578,2023-10-10,,,,73.1,73.1
T000147,2025-12-11,CUST016,P00085,2,51-65,O,Aavin Flavoured Milk,Fresh,Dairy & Eggs,Aavin,111.0,15,2289,4.1,19.85,36.48,Yes,9,2021-04-10,0.2,960.0,2026-01-18,94.35,188.7
T000148,2025-12-11,CUST016,P00821,3,51-65,O,Country Delight Curd,Fresh,Dairy & Eggs,Country Delight,193.0,0,997,4.7,8.33,37.8,Yes,8,2021-07-14,,,,193.0,579.0
T000149,2025-12-11,CUST016,P00610,4,51-65,O,Lays Banana Chips,Snacks,Snacks & Biscuits,Lays,139.0,5,751,4.3,15.47,36.07,No,531,2023-01-12,0.63,733.0,2026-01-18,132.05,528.2
T000211,2025-12-11,CUST022,P00643,1,51-65,O,Red Label Tea Powder,Beverages,Tea & Coffee,Red Label,670.0,0,125,3.8,24.7,26.38,No,226,2020-01-11,,,,670.0,670.0
T000011,2025-12-12,CUST001,P00277,3,51-65,O,FreshBasket Brinjal,Fresh,Fruits & Vegetables,FreshBasket,32.0,10,1842,4.6,8.52,25.72,Yes,12,2023-02-12,0.89,568.0,2026-01-18,28.8,86.4
T000195,2025-12-12,CUST021,P00220,2,36-50,F,Cadbury Rasgulla,Snacks,Chocolates & Sweets,Cadbury,298.0,20,681,3.5,31.14,37.92,No,488,2021-07-03,,,,238.4,476.8
T000196,2025-12-12,CUST021,P00408,4,36-50,F,Saffola Mustard Oil,Staples,Edible Oils & Ghee,Saffola,303.0,20,485,3.5,32.24,26.05,No,374,2022-10-18,,,,242.4,969.6
T000197,2025-12-12,CUST021,P00416,1,36-50,F,Brooke Bond Green Tea,Beverages,Tea & Coffee,Brooke Bond,253.0,15,152,3.5,31.5,25.07,No,709,2022-12-29,,,,215.05,215.05
T000272,2025-12-12,CUST025,P00382,1,19-35,O,Dhara Groundnut Oil,Staples,Edible Oils & Ghee,Dhara,229.0,15,585,3.3,36.28,36.52,No,450,2022-01-26,,,,194.65,194.65
T000280,2025-12-12,CUST026,P00789,3,19-35,F,Organic India Banana,Fresh,Fruits & Vegetables,Organic India,21.0,20,1063,3.4,33.57,39.9,Yes,14,2022-12-01,0.34,705.0,2026-01-18,16.8,50.400000000000006
T000281,2025-12-12,CUST026,P00110,2,19-35,F,Amul Chocolate Bar,Snacks,Chocolates & Sweets,Amul,369.0,10,249,4.2,16.64,30.15,No,409,2020-08-09,0.69,422.0,2026-01-18,332.1,664.2
T000282,2025-12-12,CUST026,P00486,4,19-35,F,Prestige Aluminium Foil,Household,Kitchen Essentials,Prestige,294.0,15,446,4.6,9.82,32.6,No,402,2023-04-20,,,,249.9,999.6
T000030,2025-12-13,CUST004,P00216,2,36-50,M,Dodla Ghee,Fresh,Dairy & Eggs,Dodla,88.0,10,1699,4.8,5.3,29.81,Yes,11,2020-06-24,,,,79.2,158.4
T000031,2025-12-13,CUST004,P00656,2,36-50,M,Ariel Floor Cleaner,Household,Cleaning & Laundry,Ariel,456.0,20,285,4.0,22.66,32.85,No,613,2020-07-03,,,,364.8,729.6
T000032,2025-12-13,CUST004,P00610,1,36-50,M,Lays Banana Chips,Snacks,Snacks & Biscuits,Lays,139.0,5,751,4.3,15.47,36.07,No,531,2023-01-12,0.63,733.0,2026-01-18,132.05,132.05
T000033,2025-12-13,CUST004,P00017,3,36-50,M,Surf Excel Dishwash Liquid,Household,Cleaning & Laundry,Surf Excel,152.0,0,345,3.3,34.09,35.05,No,706,2021-05-02,0.95,485.0,2026-01-18,152.0,456.0
T000034,2025-12-13,CUST004,P00712,2,36-50,M,Heritage Paneer,Fresh,Dairy & Eggs,Heritage,156.0,10,628,3.7,28.71,29.4,Yes,8,2020-01-15,,,,140.4,280.8
T000118,2025-12-13,CUST012,P00201,3,51-65,O,Sprite Diet Soft Drink,Beverages,Cold Drinks & Juices,Sprite,75.0,15,651,4.7,7.0,25.64,No,195,2021-03-09,0.52,836.0,2026-01-18,63.75,191.25
T000119,2025-12-13,CUST012,P00743,3,51-65,O,Dove Face Wash,Personal Care,Bath & Body,Dove,193.0,10,404,4.5,11.21,33.91,No,192,2022-08-24,,,,173.7,521.0999999999999
T000251,2025-12-13,CUST024,P00322,3,19-35,O,Fiama Talcum Powder,Personal Care,Bath & Body,Fiama,223.0,20,372,4.6,10.52,26.85,No,365,2021-08-24,0.47,191.0,2026-01-18,178.4,535.2
T000252,2025-12-13,CUST024,P00954,4,19-35,O,Britannia Cookies,Snacks,Snacks & Biscuits,Britannia,75.0,10,1481,3.4,33.47,39.92,No,540,2023-09-14,0.11,792.0,2026-01-18,67.5,270.0
T000253,2025-12-13,CUST024,P00392,2,19-35,O,Reliance Fresh Spinach,Fresh,Fruits & Vegetables,Reliance Fresh,53.0,20,800,4.7,8.32,30.26,Yes,13,2022-05-11,,,,42.4,84.8
T000254,2025-12-13,CUST024,P00375,3,19-35,O,Ariel Dishwash Bar,Household,Cleaning & Laundry,Ariel,336.0,0,273,4.4,13.46,35.04,No,311,2023-10-06,0.97,833.0,2026-01-18,336.0,1008.0
T000014,2025-12-15,CUST002,P00511,2,36-50,F,Dodla Ghee,Fresh,Dairy & Eggs,Dodla,246.0,5,805,4.5,11.81,38.09,Yes,6,2022-04-10,,,,233.7,467.4
T000015,2025-12-15,CUST002,P00740,4,36-50,F,Bru Herbal Tea,Beverages,Tea & Coffee,Bru,476.0,15,386,3.7,26.07,33.37,No,451,2023-08-14,,,,404.6,1618.4
T000070,2025-12-15,CUST006,P00954,3,51-65,F,Britannia Cookies,Snacks,Snacks & Biscuits,Britannia,75.0,10,1481,3.4,33.47,39.92,No,540,2023-09-14,0.11,792.0,2026-01-18,67.5,202.5
T000071,2025-12-15,CUST006,P00124,4,51-65,F,Milton Paper Towels,Household,Kitchen Essentials,Milton,61.0,15,704,4.3,14.96,32.87,No,334,2020-05-06,,,,51.85,207.4
T000072,2025-12-15,CUST006,P00989,3,51-65,F,Lizol Bleach,Household,Cleaning & Laundry,Lizol,305.0,15,785,3.7,27.1,31.73,No,430,2022-12-14,,,,259.25,777.75
T000313,2025-12-15,CUST028,P00464,4,19-35,M,Patanjali Conditioner,Personal Care,Bath & Body,Patanjali,115.0,10,149,3.8,26.41,35.43,No,662,2020-02-16,0.78,238.0,2026-01-18,103.5,414.0
T000314,2025-12-15,CUST028,P00890,2,19-35,M,Cadbury Gulab Jamun,Snacks,Chocolates & Sweets,Cadbury,473.0,20,524,3.6,30.63,29.76,No,238,2021-05-16,0.13,268.0,2026-01-18,378.4,756.8
T000028,2025-12-16,CUST004,P00290,2,36-50,M,Aavin Flavoured Milk,Fresh,Dairy & Eggs,Aavin,180.0,0,988,3.7,26.41,37.64,Yes,11,2023-08-02,,,,180.0,360.0
T000029,2025-12-16,CUST004,P00667,2,36-50,M,Real Mixed Fruit Juice,Beverages,Cold Drinks & Juices,Real,120.0,0,668,3.2,37.89,29.3,No,605,2022-10-12,0.57,402.0,2026-01-18,120.0,240.0
T000156,2025-12-16,CUST017,P00139,4,51-65,M,Amul White Eggs,Fresh,Dairy & Eggs,Amul,191.0,20,1511,3.6,28.43,33.56,Yes,14,2021-12-23,0.28,991.0,2026-01-18,152.8,611.2
T000223,2025-12-16,CUST023,P00125,4,51-65,M,Pepsi Apple Juice,Beverages,Cold Drinks & Juices,Pepsi,149.0,5,238,3.6,29.31,33.41,No,715,2023-06-02,,,,141.55,566.2
T000224,2025-12-16,CUST023,P00454,2,51-65,M,Aashirvaad Toor Dal,Staples,"Atta, Rice & Dal",Aashirvaad,445.0,10,996,4.1,19.71,31.42,No,276,2020-03-18,0.25,576.0,2026-01-18,400.5,801.0
T000225,2025-12-16,CUST023,P00285,3,51-65,M,Parle Namkeen Mix,Snacks,Snacks & Biscuits,Parle,83.0,5,819,4.1,20.37,28.94,No,404,2023-03-25,,,,78.85,236.54999999999998
T000226,2025-12-16,CUST023,P00380,1,51-65,M,Daawat Masoor Dal,Staples,"Atta, Rice & Dal",Daawat,328.0,20,1083,4.3,14.45,34.11,No,477,2020-10-01,0.14,466.0,2026-01-18,262.4,262.4
T000247,2025-12-16,CUST024,P00031,3,19-35,O,Oral-B Toothbrush,Personal Care,Oral Care,Oral-B,163.0,20,503,4.2,16.34,25.82,No,332,2023-01-22,0.62,647.0,2026-01-18,130.4,391.20000000000005
T000248,2025-12-16,CUST024,P00736,1,19-35,O,B Natural Diet Soft Drink,Beverages,Cold Drinks & Juices,B Natural,36.0,5,1260,3.9,24.65,28.72,No,563,2022-10-18,0.54,821.0,2026-01-18,34.2,34.2
T000249,2025-12-16,CUST024,P00046,1,19-35,O,Emami Healthy & Tasty Desi Ghee,Staples,Edible Oils & Ghee,Emami Healthy & Tasty,576.0,5,340,3.9,24.14,36.48,No,523,2021-10-16,1.0,171.0,2026-01-18,547.2,547.2
T000250,2025-12-16,CUST024,P00871,4,19-35,O,Heritage Brown Eggs,Fresh,Dairy & Eggs,Heritage,209.0,0,786,3.8,24.61,27.24,Yes,10,2023-02-17,0.47,635.0,2026-01-18,209.0,836.0
T000295,2025-12-16,CUST027,P00221,2,36-50,F,Thums Up Diet Soft Drink,Beverages,Cold Drinks & Juices,Thums Up,131.0,10,816,3.7,28.35,34.58,No,432,2024-01-16,0.54,590.0,2026-01-18,117.9,235.8
T000296,2025-12-16,CUST027,P00378,2,36-50,F,Lays Marie Biscuits,Snacks,Snacks & Biscuits,Lays,138.0,15,919,4.5,11.46,38.37,No,263,2021-07-28,0.31,965.0,2026-01-18,117.3,234.6
T000297,2025-12-16,CUST027,P00177,4,36-50,F,Nestle Ladoo,Snacks,Chocolates & Sweets,Nestle,327.0,20,827,3.7,26.33,28.89,No,425,2021-05-11,0.43,753.0,2026-01-18,261.6,1046.4
T000298,2025-12-16,CUST027,P00979,2,36-50,F,Bru Filter Coffee,Beverages,Tea & Coffee,Bru,172.0,20,240,3.4,33.55,38.49,No,690,2021-04-17,,,,137.6,275.2
T000299,2025-12-16,CUST027,P00788,1,36-50,F,Fortune Brown Rice,Staples,"Atta, Rice & Dal",Fortune,243.0,0,697,3.3,34.09,36.48,No,676,2023-10-09,,,,243.0,243.0
T000064,2025-12-17,CUST005,P00819,4,36-50,M,Paper Boat Orange Juice,Beverages,Cold Drinks & Juices,Paper Boat,56.0,20,707,3.3,36.2,25.07,No,377,2024-01-03,,,,44.8,179.2
T000065,2025-12-17,CUST005,P00703,1,36-50,M,Coca-Cola Iced Tea,Beverages,Cold Drinks & Juices,Coca-Cola,124.0,5,235,3.7,28.89,29.87,No,432,2023-02-10,0.4,637.0,2026-01-18,117.8,117.8
T000066,2025-12-17,CUST005,P00164,2,36-50,M,Tata Tea Herbal Tea,Beverages,Tea & Coffee,Tata Tea,192.0,15,665,4.0,20.72,31.25,No,229,2020-04-13,0.58,79.0,2026-01-18,163.2,326.4
T000067,2025-12-17,CUST005,P00094,1,36-50,M,Ferrero Dark Chocolate,Snacks,Chocolates & Sweets,Ferrero,127.0,5,925,4.8,6.58,29.13,No,586,2023-02-15,0.47,886.0,2026-01-18,120.65,120.65
T000068,2025-12-17,CUST005,P00688,1,36-50,M,FreshBasket Cauliflower,Fresh,Fruits & Vegetables,FreshBasket,40.0,0,941,3.9,22.39,36.78,Yes,6,2022-01-26,0.77,698.0,2026-01-18,40.0,40.0
T000208,2025-12-17,CUST022,P00002,1,51-65,O,Pepsi Soft Drink,Beverages,Cold Drinks & Juices,Pepsi,75.0,5,1109,4.2,17.68,29.25,No,609,2021-03-27,0.42,167.0,2026-01-18,71.25,71.25
T000209,2025-12-17,CUST022,P00106,4,51-65,O,Daawat Basmati Rice,Staples,"Atta, Rice & Dal",Daawat,369.0,20,1163,4.4,13.14,31.04,No,481,2022-07-18,0.23,745.0,2026-01-18,295.2,1180.8
T000210,2025-12-17,CUST022,P00270,2,51-65,O,Thums Up Mixed Fruit Juice,Beverages,Cold Drinks & Juices,Thums Up,21.0,15,367,3.6,29.04,27.43,No,189,2021-11-17,0.88,836.0,2026-01-18,17.85,35.7
T000227,2025-12-17,CUST023,P00387,4,51-65,M,Saffola Desi Ghee,Staples,Edible Oils & Ghee,Saffola,196.0,15,916,4.0,20.63,37.58,No,600,2020-02-15,0.51,90.0,2026-01-18,166.6,666.4
T000228,2025-12-17,CUST023,P00814,4,51-65,M,Lifebuoy Shampoo,Personal Care,Bath & Body,Lifebuoy,132.0,0,591,4.0,20.94,39.41,No,391,2023-08-29,0.12,803.0,2026-01-18,132.0,528.0
T000229,2025-12-17,CUST023,P00301,3,51-65,M,Oral-B Toothpaste,Personal Care,Oral Care,Oral-B,189.0,15,264,3.8,25.14,37.2,No,225,2021-06-23,0.1,481.0,2026-01-18,160.65,481.95000000000005
T000230,2025-12-17,CUST023,P00582,4,51-65,M,Fortune Mustard Oil,Staples,Edible Oils & Ghee,Fortune,414.0,0,631,4.3,15.75,36.67,No,464,2021-02-04,0.32,457.0,2026-01-18,414.0,1656.0
T000231,2025-12-17,CUST023,P00097,3,51-65,M,Nestle Dark Chocolate,Snacks,Chocolates & Sweets,Nestle,96.0,0,478,4.9,2.35,36.48,No,318,2022-03-06,0.25,302.0,2026-01-18,96.0,288.0
T000304,2025-12-17,CUST027,P00215,1,36-50,F,Dove Hand Wash,Personal Care,Bath & Body,Dove,90.0,15,381,4.6,9.02,28.47,No,586,2021-10-30,0.27,442.0,2026-01-18,76.5,76.5
T000016,2025-12-18,CUST002,P00553,4,36-50,F,Amul Curd,Fresh,Dairy & Eggs,Amul,31.0,5,871,4.4,13.78,35.74,Yes,12,2023-11-18,0.53,901.0,2026-01-18,29.45,117.8
T000187,2025-12-18,CUST020,P00210,3,36-50,M,Amul Dark Chocolate,Snacks,Chocolates & Sweets,Amul,465.0,15,601,3.6,30.09,35.5,No,262,2023-08-31,,,,395.25,1185.75
T000188,2025-12-18,CUST020,P00124,1,36-50,M,Milton Paper Towels,Household,Kitchen Essentials,Milton,61.0,15,704,4.3,14.96,32.87,No,334,2020-05-06,,,,51.85,51.85
T000061,2025-12-19,CUST005,P00859,3,36-50,M,India Gate Moong Dal,Staples,"Atta, Rice & Dal",India Gate,85.0,5,433,3.9,23.37,30.32,No,592,2020-07-24,0.78,22.0,2026-01-18,80.75,242.25
T000062,2025-12-19,CUST005,P00310,2,36-50,M,Ferrero Soan Papdi,Snacks,Chocolates & Sweets,Ferrero,150.0,5,315,3.7,28.23,28.39,No,508,2021-07-05,0.97,730.0,2026-01-18,142.5,285.0
T000063,2025-12-19,CUST005,P00518,4,36-50,M,Pigeon Cling Wrap,Household,Kitchen Essentials,Pigeon,71.0,10,647,4.8,4.0,31.61,No,547,2020-08-12,,,,63.9,255.6
T000293,2025-12-19,CUST027,P00332,3,36-50,F,Tata Sampann Chickpeas,Staples,"Atta, Rice & Dal",Tata Sampann,158.0,0,1164,3.5,31.1,30.24,No,218,2022-02-07,0.7,201.0,2026-01-18,158.0,474.0
T000294,2025-12-19,CUST027,P00685,3,36-50,F,Mars Dark Chocolate,Snacks,Chocolates & Sweets,Mars,111.0,10,465,4.3,15.06,39.29,No,307,2022-07-08,0.85,992.0,2026-01-18,99.9,299.70000000000005
TXN-DE67A168,2025-12-19,CUST006,P00315,3,51-65,F,Emami Healthy & Tasty Olive Oil,Staples,Edible Oils & Ghee,Emami Healthy & Tasty,172.0,10,265,3.9,22.49,31.42,No,399,2021-03-29,0.66,556.0,2026-01-18,154.8,464.40000000000003
TXN-DE67A168,2025-12-19,CUST006,P00147,1,51-65,F,Continental Green Tea,Beverages,Tea & Coffee,Continental,459.0,15,159,4.4,14.73,30.78,No,625,2021-07-16,0.57,690.0,2026-01-18,390.15,390.15
T000042,2025-12-20,CUST004,P00798,3,36-50,M,B Natural Fruit Juice,Beverages,Cold Drinks & Juices,B Natural,43.0,10,724,4.8,6.3,31.0,No,531,2022-02-11,0.68,998.0,2026-01-18,38.7,116.10000000000001
T000216,2025-12-20,CUST022,P00828,3,51-65,O,B Natural Iced Tea,Beverages,Cold Drinks & Juices,B Natural,51.0,15,317,4.2,18.73,28.8,No,615,2023-12-09,,,,43.35,130.05
T000217,2025-12-20,CUST022,P00131,1,51-65,O,Kurkure Roasted Peanuts,Snacks,Snacks & Biscuits,Kurkure,59.0,5,706,4.6,10.31,27.86,No,349,2024-01-16,0.7,373.0,2026-01-18,56.05,56.05
T000218,2025-12-20,CUST022,P00275,4,51-65,O,FreshBasket Cabbage,Fresh,Fruits & Vegetables,FreshBasket,100.0,15,1062,4.1,20.89,36.89,Yes,9,2022-08-06,,,,85.0,340.0
T000320,2025-12-20,CUST028,P00395,3,19-35,M,Patanjali Body Wash,Personal Care,Bath & Body,Patanjali,43.0,15,380,4.4,12.95,34.56,No,338,2022-05-22,0.83,286.0,2026-01-18,36.55,109.64999999999999
T000321,2025-12-20,CUST028,P00137,3,19-35,M,24 Mantra Brown Rice,Staples,"Atta, Rice & Dal",24 Mantra,406.0,5,884,4.0,20.02,38.81,No,442,2021-03-17,0.37,248.0,2026-01-18,385.7,1157.1
T000322,2025-12-20,CUST028,P00008,2,19-35,M,Patanjali Toor Dal,Staples,"Atta, Rice & Dal",Patanjali,187.0,0,622,4.8,5.7,29.23,No,397,2023-09-04,0.17,481.0,2026-01-18,187.0,374.0
T000323,2025-12-20,CUST028,P00585,1,19-35,M,Reliance Fresh Cabbage,Fresh,Fruits & Vegetables,Reliance Fresh,126.0,15,1473,3.5,32.18,26.53,Yes,11,2020-10-12,,,,107.1,107.1
TXN-7721740E,2025-12-20,CUST007,P00264,1,51-65,M,Colgate Toothpaste,Personal Care,Oral Care,Colgate,135.0,15,375,4.1,18.79,25.38,No,258,2022-10-13,0.59,496.0,2026-01-18,114.75,114.75
TXN-7721740E,2025-12-20,CUST007,P00216,3,51-65,M,Dodla Ghee,Fresh,Dairy & Eggs,Dodla,88.0,10,1699,4.8,5.3,29.81,Yes,11,2020-06-24,,,,79.2,237.60000000000002
TXN-83B5CE81,2025-12-20,CUST012,P00390,1,51-65,O,Daawat Urad Dal,Staples,"Atta, Rice & Dal",Daawat,135.0,10,1183,4.2,16.21,34.33,No,315,2020-08-10,0.85,297.0,2026-01-18,121.5,121.5
TXN-83B5CE81,2025-12-20,CUST012,P00540,1,51-65,O,Aavin Paneer,Fresh,Dairy & Eggs,Aavin,75.0,15,908,3.4,34.31,36.72,Yes,6,2022-06-23,0.79,853.0,2026-01-18,63.75,63.75
TXN-83B5CE81,2025-12-20,CUST012,P00589,2,51-65,O,Patanjali Mustard Oil,Staples,Edible Oils & Ghee,Patanjali,563.0,0,574,4.3,14.86,37.31,No,430,2020-02-28,,,,563.0,1126.0
TXN-83B5CE81,2025-12-20,CUST012,P00153,2,51-65,O,Bingo Popcorn,Snacks,Snacks & Biscuits,Bingo,96.0,5,1560,4.4,14.1,37.39,No,550,2022-11-07,0.65,467.0,2026-01-18,91.2,182.4
TXN-AF608C6D,2025-12-20,CUST013,P01000,1,36-50,O,Ferrero Dark Chocolate,Snacks,Chocolates & Sweets,Ferrero,234.0,10,896,4.5,10.78,32.58,No,412,2023-07-14,,,,210.6,210.6
T000154,2025-12-21,CUST017,P00215,2,51-65,M,Dove Hand Wash,Personal Care,Bath & Body,Dove,90.0,15,381,4.6,9.02,28.47,No,586,2021-10-30,0.27,442.0,2026-01-18,76.5,153.0
T000155,2025-12-21,CUST017,P00927,2,51-65,M,Bru Green Tea,Beverages,Tea & Coffee,Bru,137.0,20,737,3.3,35.93,38.96,No,277,2022-04-30,,,,109.6,219.2
T000180,2025-12-21,CUST019,P00373,4,36-50,O,Tide Dishwash Bar,Household,Cleaning & Laundry,Tide,432.0,5,423,4.7,8.55,37.86,No,368,2021-03-28,0.64,996.0,2026-01-18,410.4,1641.6
T000181,2025-12-21,CUST019,P00766,1,36-50,O,Fortune Groundnut Oil,Staples,Edible Oils & Ghee,Fortune,365.0,20,550,3.3,36.66,33.83,No,691,2020-07-27,0.38,49.0,2026-01-18,292.0,292.0
T000182,2025-12-21,CUST019,P00604,4,36-50,O,Balaji Banana Chips,Snacks,Snacks & Biscuits,Balaji,146.0,0,841,3.7,27.8,35.32,No,634,2021-04-07,0.33,906.0,2026-01-18,146.0,584.0
T000183,2025-12-21,CUST019,P00832,1,36-50,O,Lays Cookies,Snacks,Snacks & Biscuits,Lays,34.0,10,414,4.2,16.99,34.71,No,185,2021-12-17,0.78,199.0,2026-01-18,30.6,30.6
T000184,2025-12-21,CUST019,P00760,2,36-50,O,Fortune Atta,Staples,"Atta, Rice & Dal",Fortune,140.0,10,531,4.1,19.17,38.84,No,191,2023-10-19,,,,126.0,252.0
T000189,2025-12-21,CUST020,P00917,3,36-50,M,Britannia Bhujia,Snacks,Snacks & Biscuits,Britannia,103.0,5,701,3.3,36.07,38.1,No,460,2022-09-13,,,,97.85,293.54999999999995
T000190,2025-12-21,CUST020,P00643,1,36-50,M,Red Label Tea Powder,Beverages,Tea & Coffee,Red Label,670.0,0,125,3.8,24.7,26.38,No,226,2020-01-11,,,,670.0,670.0
TXN-BC479CD6,2025-12-21,CUST005,P00755,2,36-50,M,Patanjali Urad Dal,Staples,"Atta, Rice & Dal",Patanjali,284.0,15,584,4.4,12.29,29.52,No,224,2021-05-05,0.52,122.0,2026-01-18,241.4,482.8
TXN-BC479CD6,2025-12-21,CUST005,P00652,2,36-50,M,Amul Butter,Fresh,Dairy & Eggs,Amul,50.0,15,2473,4.4,13.44,30.58,Yes,9,2023-05-01,0.44,257.0,2026-01-18,42.5,85.0
TXN-BC479CD6,2025-12-21,CUST005,P00105,3,36-50,M,FreshBasket Spinach,Fresh,Fruits & Vegetables,FreshBasket,129.0,0,1842,4.4,13.33,26.51,Yes,10,2023-05-30,0.38,936.0,2026-01-18,129.0,387.0
TXN-F96EB6AB,2025-12-21,CUST008,P00561,1,51-65,F,Real Apple Juice,Beverages,Cold Drinks & Juices,Real,71.0,10,490,3.3,35.71,35.79,No,293,2022-08-11,0.48,139.0,2026-01-18,63.9,63.9
TXN-F96EB6AB,2025-12-21,CUST008,P00568,3,51-65,F,Milky Mist Buttermilk,Fresh,Dairy & Eggs,Milky Mist,208.0,20,1400,4.2,16.62,29.73,Yes,14,2021-11-18,0.9,639.0,2026-01-18,166.4,499.20000000000005
TXN-F96EB6AB,2025-12-21,CUST008,P00318,1,51-65,F,Continental Green Tea,Beverages,Tea & Coffee,Continental,409.0,20,700,3.9,22.31,32.33,No,563,2023-02-23,,,,327.2,327.2
TXN-F96EB6AB,2025-12-21,CUST008,P00152,2,51-65,F,Colgate Toothbrush,Personal Care,Oral Care,Colgate,84.0,0,529,3.5,32.14,25.04,No,507,2023-09-29,0.84,428.0,2026-01-18,84.0,168.0
TXN-F96EB6AB,2025-12-21,CUST008,P00787,2,51-65,F,Sprite Fruit Juice,Beverages,Cold Drinks & Juices,Sprite,35.0,5,652,3.6,30.71,33.86,No,291,2023-07-27,,,,33.25,66.5
TXN-EEC09EF1,2025-12-21,CUST026,P00370,2,19-35,F,LocalFarm Ginger,Fresh,Fruits & Vegetables,LocalFarm,31.0,0,2077,4.8,4.32,28.19,Yes,9,2023-05-27,0.52,866.0,2026-01-18,31.0,62.0
TXN-EEC09EF1,2025-12-21,CUST026,P00481,2,19-35,F,Reliance Fresh Cabbage,Fresh,Fruits & Vegetables,Reliance Fresh,135.0,0,1823,3.4,34.34,25.93,Yes,13,2020-10-04,,,,135.0,270.0
TXN-EEC09EF1,2025-12-21,CUST026,P00177,1,19-35,F,Nestle Ladoo,Snacks,Chocolates & Sweets,Nestle,327.0,20,827,3.7,26.33,28.89,No,425,2021-05-11,0.43,753.0,2026-01-18,261.6,261.6
TXN-EEC09EF1,2025-12-21,CUST026,P00113,2,19-35,F,India Gate Multigrain Atta,Staples,"Atta, Rice & Dal",India Gate,242.0,15,1109,3.8,25.11,29.18,No,266,2020-04-17,0.68,638.0,2026-01-18,205.7,411.4
TXN-EEC09EF1,2025-12-21,CUST026,P00755,3,19-35,F,Patanjali Urad Dal,Staples,"Atta, Rice & Dal",Patanjali,284.0,15,584,4.4,12.29,29.52,No,224,2021-05-05,0.52,122.0,2026-01-18,241.4,724.2
T000057,2025-12-22,CUST005,P00528,4,36-50,M,Nestle Dark Chocolate,Snacks,Chocolates & Sweets,Nestle,567.0,0,666,4.5,10.76,30.76,No,461,2021-06-10,,,,567.0,2268.0
T000058,2025-12-22,CUST005,P00703,3,36-50,M,Coca-Cola Iced Tea,Beverages,Cold Drinks & Juices,Coca-Cola,124.0,5,235,3.7,28.89,29.87,No,432,2023-02-10,0.4,637.0,2026-01-18,117.8,353.4
T000059,2025-12-22,CUST005,P00387,1,36-50,M,Saffola Desi Ghee,Staples,Edible Oils & Ghee,Saffola,196.0,15,916,4.0,20.63,37.58,No,600,2020-02-15,0.51,90.0,2026-01-18,166.6,166.6
T000060,2025-12-22,CUST005,P00319,3,36-50,M,Oral-B Mouthwash,Personal Care,Oral Care,Oral-B,77.0,15,211,3.8,24.83,35.12,No,463,2021-06-18,0.99,612.0,2026-01-18,65.45,196.35000000000002
T000091,2025-12-22,CUST009,P00381,3,19-35,M,Tropicana Energy Drink,Beverages,Cold Drinks & Juices,Tropicana,148.0,0,1003,3.6,30.89,25.27,No,349,2022-11-18,,,,148.0,444.0
T000092,2025-12-22,CUST009,P00833,1,19-35,M,Pears Body Lotion,Personal Care,Bath & Body,Pears,44.0,0,556,4.0,20.25,32.3,No,337,2022-04-21,,,,44.0,44.0
T000093,2025-12-22,CUST009,P00404,4,19-35,M,Patanjali Chana Dal,Staples,"Atta, Rice & Dal",Patanjali,344.0,0,604,3.5,31.52,31.62,No,695,2021-08-25,0.34,344.0,2026-01-18,344.0,1376.0
T000113,2025-12-22,CUST012,P00423,2,51-65,O,Lux Conditioner,Personal Care,Bath & Body,Lux,243.0,0,166,3.3,36.64,31.77,No,206,2022-03-24,,,,243.0,486.0
T000114,2025-12-22,CUST012,P00621,4,51-65,O,Bru Green Tea,Beverages,Tea & Coffee,Bru,511.0,10,603,4.1,20.01,31.79,No,199,2023-07-09,0.1,432.0,2026-01-18,459.9,1839.6
T000115,2025-12-22,CUST012,P00021,1,51-65,O,Mother Dairy Brown Eggs,Fresh,Dairy & Eggs,Mother Dairy,42.0,20,2609,3.2,36.28,28.69,Yes,8,2020-12-06,0.23,249.0,2026-01-18,33.6,33.6
T000116,2025-12-22,CUST012,P00396,1,51-65,O,Dabur Red Mouthwash,Personal Care,Oral Care,Dabur Red,158.0,20,454,4.2,18.98,34.04,No,388,2022-04-26,,,,126.4,126.4
T000117,2025-12-22,CUST012,P00984,4,51-65,O,Coca-Cola Orange Juice,Beverages,Cold Drinks & Juices,Coca-Cola,46.0,0,1155,4.1,19.95,33.52,No,490,2021-04-11,0.82,568.0,2026-01-18,46.0,184.0
T000176,2025-12-22,CUST019,P00618,4,36-50,O,FreshBasket Capsicum,Fresh,Fruits & Vegetables,FreshBasket,148.0,10,968,4.2,17.09,33.46,Yes,12,2023-07-25,0.92,166.0,2026-01-18,133.2,532.8
T000177,2025-12-22,CUST019,P00731,1,36-50,O,Organic India Onion,Fresh,Fruits & Vegetables,Organic India,64.0,5,1615,4.4,13.02,31.69,Yes,7,2021-02-05,0.29,408.0,2026-01-18,60.8,60.8
T000178,2025-12-22,CUST019,P00734,2,36-50,O,Patanjali Masoor Dal,Staples,"Atta, Rice & Dal",Patanjali,405.0,10,694,4.2,18.93,36.33,No,227,2023-06-15,,,,364.5,729.0
T000179,2025-12-22,CUST019,P00843,3,36-50,O,Coca-Cola Energy Drink,Beverages,Cold Drinks & Juices,Coca-Cola,97.0,0,630,3.8,26.83,29.33,No,432,2021-10-17,,,,97.0,291.0
T000236,2025-12-22,CUST023,P00778,1,51-65,M,Pepsodent Toothbrush,Personal Care,Oral Care,Pepsodent,98.0,0,137,4.7,8.19,34.39,No,594,2022-05-01,,,,98.0,98.0
T000237,2025-12-22,CUST023,P00280,4,51-65,M,Tropicana Diet Soft Drink,Beverages,Cold Drinks & Juices,Tropicana,51.0,0,1074,3.3,36.77,33.51,No,584,2022-10-13,0.45,292.0,2026-01-18,51.0,204.0
T000238,2025-12-22,CUST023,P00052,3,51-65,M,Bru Masala Tea,Beverages,Tea & Coffee,Bru,384.0,15,356,4.6,9.41,28.77,No,233,2021-12-17,0.88,703.0,2026-01-18,326.4,979.1999999999999
T000239,2025-12-22,CUST023,P00607,1,51-65,M,Sunfeast Marie Biscuits,Snacks,Snacks & Biscuits,Sunfeast,172.0,15,478,3.6,29.27,32.51,No,459,2023-08-11,,,,146.2,146.2
T000339,2025-12-22,CUST030,P00968,2,19-35,M,Paper Boat Iced Tea,Beverages,Cold Drinks & Juices,Paper Boat,128.0,5,244,3.7,26.36,34.16,No,490,2020-03-10,,,,121.6,243.2
T000340,2025-12-22,CUST030,P00525,4,19-35,M,Tide Detergent Liquid,Household,Cleaning & Laundry,Tide,563.0,0,530,4.3,16.39,35.31,No,234,2021-12-04,,,,563.0,2252.0
T000341,2025-12-22,CUST030,P00040,1,19-35,M,Patanjali Moong Dal,Staples,"Atta, Rice & Dal",Patanjali,396.0,5,1040,3.7,27.64,39.99,No,473,2021-03-06,0.23,369.0,2026-01-18,376.2,376.2
T000342,2025-12-22,CUST030,P00758,3,19-35,M,Country Delight Buttermilk,Fresh,Dairy & Eggs,Country Delight,220.0,15,1779,3.5,30.11,36.24,Yes,7,2021-10-31,,,,187.0,561.0
TXN-DF8B2D26,2025-12-22,CUST001,P00424,2,51-65,O,Vim Detergent Liquid,Household,Cleaning & Laundry,Vim,239.0,0,689,4.8,5.17,36.56,No,470,2022-06-26,,,,239.0,478.0
TXN-DF8B2D26,2025-12-22,CUST001,P00099,3,51-65,O,Closeup Toothbrush,Personal Care,Oral Care,Closeup,163.0,5,400,3.4,34.06,31.83,No,547,2020-05-04,,,,154.85,464.54999999999995
TXN-DF8B2D26,2025-12-22,CUST001,P00079,2,51-65,O,Closeup Dental Floss,Personal Care,Oral Care,Closeup,170.0,5,467,4.1,19.15,26.17,No,700,2020-10-06,0.27,859.0,2026-01-18,161.5,323.0
TXN-81F8471E,2025-12-22,CUST006,P00621,1,51-65,F,Bru Green Tea,Beverages,Tea & Coffee,Bru,511.0,10,603,4.1,20.01,31.79,No,199,2023-07-09,0.1,432.0,2026-01-18,459.9,459.9
TXN-81F8471E,2025-12-22,CUST006,P00076,1,51-65,F,Scotch-Brite Paper Towels,Household,Kitchen Essentials,Scotch-Brite,136.0,20,446,4.3,15.5,33.37,No,232,2021-02-20,0.44,310.0,2026-01-18,108.8,108.8
TXN-81F8471E,2025-12-22,CUST006,P00976,1,51-65,F,Girnar Filter Coffee,Beverages,Tea & Coffee,Girnar,330.0,5,265,3.9,23.59,28.15,No,268,2023-04-07,0.46,697.0,2026-01-18,313.5,313.5
TXN-81F8471E,2025-12-22,CUST006,P00319,1,51-65,F,Oral-B Mouthwash,Personal Care,Oral Care,Oral-B,77.0,15,211,3.8,24.83,35.12,No,463,2021-06-18,0.99,612.0,2026-01-18,65.45,65.45
TXN-81F8471E,2025-12-22,CUST006,P00387,3,51-65,F,Saffola Desi Ghee,Staples,Edible Oils & Ghee,Saffola,196.0,15,916,4.0,20.63,37.58,No,600,2020-02-15,0.51,90.0,2026-01-18,166.6,499.79999999999995
TXN-2B6FEFD0,2025-12-22,CUST022,P00836,3,51-65,O,Dhara Sunflower Oil,Staples,Edible Oils & Ghee,Dhara,484.0,15,766,3.8,24.09,30.01,No,670,2023-09-24,,,,411.4,1234.1999999999998
TXN-2B6FEFD0,2025-12-22,CUST022,P00273,3,51-65,O,Sundrop Sunflower Oil,Staples,Edible Oils & Ghee,Sundrop,143.0,15,940,4.8,4.71,36.08,No,502,2022-03-15,0.29,74.0,2026-01-18,121.55,364.65
TXN-2B6FEFD0,2025-12-22,CUST022,P00655,1,51-65,O,FreshBasket Tomato,Fresh,Fruits & Vegetables,FreshBasket,123.0,10,1038,3.4,33.47,33.51,Yes,9,2023-11-03,0.78,662.0,2026-01-18,110.7,110.7
T000073,2025-12-23,CUST006,P00766,3,51-65,F,Fortune Groundnut Oil,Staples,Edible Oils & Ghee,Fortune,365.0,20,550,3.3,36.66,33.83,No,691,2020-07-27,0.38,49.0,2026-01-18,292.0,876.0
T000074,2025-12-23,CUST006,P00302,4,51-65,F,Wagh Bakri Masala Tea,Beverages,Tea & Coffee,Wagh Bakri,375.0,20,194,3.5,32.09,38.55,No,532,2023-01-13,,,,300.0,1200.0
T000078,2025-12-23,CUST007,P00654,3,51-65,M,NaturePick Green Chilli,Fresh,Fruits & Vegetables,NaturePick,117.0,0,1673,3.6,28.72,28.44,Yes,11,2020-07-01,0.61,367.0,2026-01-18,117.0,351.0
T000079,2025-12-23,CUST007,P00947,1,51-65,M,Ariel Fabric Softener,Household,Cleaning & Laundry,Ariel,182.0,10,467,4.0,22.2,25.15,No,443,2023-09-20,0.17,436.0,2026-01-18,163.8,163.8
T000080,2025-12-23,CUST007,P00682,1,51-65,M,Nandini Brown Eggs,Fresh,Dairy & Eggs,Nandini,209.0,15,1202,4.3,16.66,30.64,Yes,14,2023-08-28,0.53,470.0,2026-01-18,177.65,177.65
T000315,2025-12-23,CUST028,P00428,4,19-35,M,Organic India Brinjal,Fresh,Fruits & Vegetables,Organic India,140.0,20,606,4.4,13.48,28.67,Yes,9,2020-01-19,,,,112.0,448.0
T000316,2025-12-23,CUST028,P00364,2,19-35,M,Balaji Bhujia,Snacks,Snacks & Biscuits,Balaji,104.0,10,856,3.6,30.26,32.04,No,189,2020-08-22,0.54,141.0,2026-01-18,93.6,187.2
T000317,2025-12-23,CUST028,P00607,4,19-35,M,Sunfeast Marie Biscuits,Snacks,Snacks & Biscuits,Sunfeast,172.0,15,478,3.6,29.27,32.51,No,459,2023-08-11,,,,146.2,584.8
T000318,2025-12-23,CUST028,P00529,3,19-35,M,FarmFresh Ginger,Fresh,Fruits & Vegetables,FarmFresh,58.0,15,2190,4.6,8.78,29.48,Yes,12,2021-01-05,0.49,881.0,2026-01-18,49.3,147.89999999999998
T000319,2025-12-23,CUST028,P00506,3,19-35,M,Saffola Coconut Oil,Staples,Edible Oils & Ghee,Saffola,357.0,5,769,4.6,9.72,37.43,No,498,2023-06-09,,,,339.15,1017.4499999999999
T000324,2025-12-23,CUST029,P00613,1,36-50,M,Milton Paper Towels,Household,Kitchen Essentials,Milton,120.0,20,152,3.9,23.48,25.43,No,541,2021-08-05,,,,96.0,96.0
T000325,2025-12-23,CUST029,P00180,1,36-50,M,Rin Detergent Powder,Household,Cleaning & Laundry,Rin,507.0,5,128,4.9,3.19,32.57,No,476,2020-03-17,0.72,404.0,2026-01-18,481.65,481.65
T000326,2025-12-23,CUST029,P00743,4,36-50,M,Dove Face Wash,Personal Care,Bath & Body,Dove,193.0,10,404,4.5,11.21,33.91,No,192,2022-08-24,,,,173.7,694.8
T000327,2025-12-23,CUST029,P00395,2,36-50,M,Patanjali Body Wash,Personal Care,Bath & Body,Patanjali,43.0,15,380,4.4,12.95,34.56,No,338,2022-05-22,0.83,286.0,2026-01-18,36.55,73.1
T000328,2025-12-23,CUST029,P00431,2,36-50,M,Pepsodent Dental Floss,Personal Care,Oral Care,Pepsodent,67.0,5,268,3.7,27.91,30.73,No,458,2023-12-05,,,,63.65,127.3
TXN-A77BECD5,2025-12-23,CUST002,P00942,1,36-50,F,Tide Dishwash Bar,Household,Cleaning & Laundry,Tide,494.0,15,414,3.4,34.2,26.81,No,454,2022-10-11,,,,419.9,419.9
TXN-A77BECD5,2025-12-23,CUST002,P00425,2,36-50,F,Patanjali Shampoo,Personal Care,Bath & Body,Patanjali,127.0,0,153,4.3,16.58,35.12,No,667,2022-08-14,0.39,240.0,2026-01-18,127.0,254.0
TXN-7F410E7B,2025-12-23,CUST003,P00821,2,19-35,O,Country Delight Curd,Fresh,Dairy & Eggs,Country Delight,193.0,0,997,4.7,8.33,37.8,Yes,8,2021-07-14,,,,193.0,386.0
TXN-961A2EC1,2025-12-23,CUST012,P00308,1,51-65,O,Amul Rasgulla,Snacks,Chocolates & Sweets,Amul,442.0,15,620,4.2,16.11,35.87,No,327,2023-06-20,0.66,972.0,2026-01-18,375.7,375.7
TXN-961A2EC1,2025-12-23,CUST012,P00206,2,51-65,O,Pepsodent Dental Floss,Personal Care,Oral Care,Pepsodent,237.0,10,216,3.4,33.64,37.24,No,240,2022-12-09,0.88,547.0,2026-01-18,213.3,426.6
TXN-961A2EC1,2025-12-23,CUST012,P00704,1,51-65,O,Patanjali Face Wash,Personal Care,Bath & Body,Patanjali,248.0,15,176,4.6,9.5,28.26,No,325,2022-02-03,0.13,855.0,2026-01-18,210.8,210.8
T000075,2025-12-24,CUST007,P00116,2,51-65,M,Emami Healthy & Tasty Groundnut Oil,Staples,Edible Oils & Ghee,Emami Healthy & Tasty,220.0,10,503,3.8,24.02,28.8,No,359,2020-09-21,0.27,965.0,2026-01-18,198.0,396.0
T000076,2025-12-24,CUST007,P00176,1,51-65,M,Country Delight Buttermilk,Fresh,Dairy & Eggs,Country Delight,227.0,5,856,3.3,36.87,38.81,Yes,12,2023-09-05,,,,215.65,215.65
T000077,2025-12-24,CUST007,P00984,3,51-65,M,Coca-Cola Orange Juice,Beverages,Cold Drinks & Juices,Coca-Cola,46.0,0,1155,4.1,19.95,33.52,No,490,2021-04-11,0.82,568.0,2026-01-18,46.0,138.0
T000170,2025-12-24,CUST019,P00695,1,36-50,O,Pepsi Apple Juice,Beverages,Cold Drinks & Juices,Pepsi,124.0,15,581,4.7,7.02,39.31,No,633,2021-07-22,,,,105.4,105.4
T000171,2025-12-24,CUST019,P00890,4,36-50,O,Cadbury Gulab Jamun,Snacks,Chocolates & Sweets,Cadbury,473.0,20,524,3.6,30.63,29.76,No,238,2021-05-16,0.13,268.0,2026-01-18,378.4,1513.6
T000203,2025-12-24,CUST022,P00586,4,51-65,O,Tide Fabric Softener,Household,Cleaning & Laundry,Tide,390.0,15,569,4.9,2.2,25.6,No,564,2020-06-30,0.38,630.0,2026-01-18,331.5,1326.0
T000204,2025-12-24,CUST022,P00593,1,51-65,O,Patanjali Body Wash,Personal Care,Bath & Body,Patanjali,125.0,20,464,4.7,8.48,29.73,No,488,2021-07-09,,,,100.0,100.0
T000205,2025-12-24,CUST022,P00470,4,51-65,O,Kurkure Cream Biscuits,Snacks,Snacks & Biscuits,Kurkure,27.0,20,1067,3.6,29.03,34.11,No,320,2020-06-28,,,,21.6,86.4
T000206,2025-12-24,CUST022,P00003,4,51-65,O,Tata Tea Coffee Beans,Beverages,Tea & Coffee,Tata Tea,263.0,15,473,3.7,26.65,28.55,No,284,2020-07-08,0.88,546.0,2026-01-18,223.55,894.2
T000207,2025-12-24,CUST022,P00358,2,51-65,O,Cadbury Milk Chocolate,Snacks,Chocolates & Sweets,Cadbury,352.0,5,772,4.1,19.08,33.21,No,409,2023-08-18,0.71,135.0,2026-01-18,334.4,668.8
T000273,2025-12-24,CUST025,P00769,1,19-35,O,FarmFresh Cucumber,Fresh,Fruits & Vegetables,FarmFresh,129.0,5,767,3.3,35.12,35.55,Yes,7,2022-02-08,,,,122.55,122.55
T000329,2025-12-24,CUST029,P00226,2,36-50,M,Sprite Orange Juice,Beverages,Cold Drinks & Juices,Sprite,84.0,5,1423,3.9,23.13,33.26,No,670,2023-04-07,0.46,861.0,2026-01-18,79.8,159.6
T000330,2025-12-24,CUST029,P00852,1,36-50,M,Dettol Detergent Powder,Household,Cleaning & Laundry,Dettol,595.0,20,290,3.7,26.66,29.38,No,301,2020-12-16,,,,476.0,476.0
TXN-F73AB0B9,2025-12-24,CUST006,P00893,2,51-65,F,Fortune Mustard Oil,Staples,Edible Oils & Ghee,Fortune,404.0,10,684,4.0,22.11,32.86,No,465,2022-07-19,,,,363.6,727.2
TXN-F73AB0B9,2025-12-24,CUST006,P00091,3,51-65,F,Reliance Fresh Ginger,Fresh,Fruits & Vegetables,Reliance Fresh,147.0,10,1143,4.2,17.06,30.45,Yes,14,2021-05-28,0.89,522.0,2026-01-18,132.3,396.90000000000003
TXN-F73AB0B9,2025-12-24,CUST006,P00929,1,51-65,F,Mars Kaju Katli,Snacks,Chocolates & Sweets,Mars,174.0,10,1107,4.3,14.09,39.28,No,190,2020-10-11,0.76,934.0,2026-01-18,156.6,156.6
TXN-2D281BDC,2025-12-24,CUST023,P00168,2,51-65,M,Surf Excel Detergent Powder,Household,Cleaning & Laundry,Surf Excel,220.0,10,585,4.1,18.45,26.6,No,323,2021-11-02,0.92,922.0,2026-01-18,198.0,396.0
TXN-2D281BDC,2025-12-24,CUST023,P00368,1,51-65,M,Paper Boat Mixed Fruit Juice,Beverages,Cold Drinks & Juices,Paper Boat,38.0,5,325,4.0,21.0,38.68,No,235,2020-12-30,,,,36.1,36.1
TXN-2D281BDC,2025-12-24,CUST023,P00911,2,51-65,M,Surf Excel Toilet Cleaner,Household,Cleaning & Laundry,Surf Excel,213.0,15,767,4.3,15.07,36.4,No,407,2021-08-31,,,,181.05,362.1
TXN-2D281BDC,2025-12-24,CUST023,P00979,2,51-65,M,Bru Filter Coffee,Beverages,Tea & Coffee,Bru,172.0,20,240,3.4,33.55,38.49,No,690,2021-04-17,,,,137.6,275.2
TXN-2D281BDC,2025-12-24,CUST023,P00538,1,51-65,M,Pears Face Wash,Personal Care,Bath & Body,Pears,279.0,0,385,4.8,4.83,33.59,No,511,2021-06-11,0.89,654.0,2026-01-18,279.0,279.0
T000069,2025-12-25,CUST005,P00176,4,36-50,M,Country Delight Buttermilk,Fresh,Dairy & Eggs,Country Delight,227.0,5,856,3.3,36.87,38.81,Yes,12,2023-09-05,,,,215.65,862.6
T000111,2025-12-25,CUST011,P00531,1,36-50,M,Pepsodent Toothbrush,Personal Care,Oral Care,Pepsodent,197.0,10,151,4.3,16.27,38.26,No,351,2022-08-08,,,,177.3,177.3
T000112,2025-12-25,CUST011,P00102,3,36-50,M,Nandini Butter,Fresh,Dairy & Eggs,Nandini,168.0,10,1843,3.5,31.98,39.61,Yes,5,2022-01-03,0.23,916.0,2026-01-18,151.2,453.59999999999997
T000137,2025-12-25,CUST015,P00471,2,19-35,M,Oral-B Electric Toothbrush,Personal Care,Oral Care,Oral-B,206.0,5,402,3.6,28.46,25.44,No,517,2022-07-08,,,,195.7,391.4
T000138,2025-12-25,CUST015,P00252,1,19-35,M,FreshBasket Onion,Fresh,Fruits & Vegetables,FreshBasket,39.0,5,1608,4.1,19.34,39.87,Yes,10,2020-09-03,0.89,569.0,2026-01-18,37.05,37.05
T000165,2025-12-25,CUST018,P00772,4,19-35,O,Patanjali Body Lotion,Personal Care,Bath & Body,Patanjali,204.0,5,455,4.3,14.19,32.63,No,377,2020-04-16,,,,193.8,775.2
T000166,2025-12-25,CUST018,P00762,2,19-35,O,Vim Toilet Cleaner,Household,Cleaning & Laundry,Vim,534.0,0,490,3.2,38.32,28.49,No,435,2022-02-06,,,,534.0,1068.0
T000167,2025-12-25,CUST018,P00810,4,19-35,O,Closeup Toothpaste,Personal Care,Oral Care,Closeup,216.0,15,315,4.3,15.34,39.82,No,299,2020-06-18,,,,183.6,734.4
T000168,2025-12-25,CUST018,P00986,1,19-35,O,B Natural Diet Soft Drink,Beverages,Cold Drinks & Juices,B Natural,50.0,20,1058,3.8,25.03,26.22,No,423,2021-04-20,,,,40.0,40.0
T000169,2025-12-25,CUST018,P00457,1,19-35,O,Oral-B Toothpaste,Personal Care,Oral Care,Oral-B,197.0,15,176,4.5,12.77,34.98,No,624,2022-05-03,,,,167.45,167.45
T000185,2025-12-25,CUST019,P00036,1,36-50,O,Organic India Lady Finger,Fresh,Fruits & Vegetables,Organic India,91.0,0,1471,3.8,25.53,29.8,Yes,13,2021-11-09,0.3,816.0,2026-01-18,91.0,91.0
T000186,2025-12-25,CUST019,P00799,3,36-50,O,Closeup Electric Toothbrush,Personal Care,Oral Care,Closeup,109.0,5,356,3.4,32.26,38.66,No,372,2020-08-25,,,,103.55,310.65
T000198,2025-12-25,CUST021,P00539,4,36-50,F,Aashirvaad Brown Rice,Staples,"Atta, Rice & Dal",Aashirvaad,245.0,15,883,4.9,2.77,27.81,No,362,2022-06-21,0.4,73.0,2026-01-18,208.25,833.0
T000199,2025-12-25,CUST021,P00366,3,36-50,F,Girnar Instant Coffee,Beverages,Tea & Coffee,Girnar,125.0,20,574,4.1,19.53,32.7,No,483,2023-08-27,0.79,298.0,2026-01-18,100.0,300.0
T000200,2025-12-25,CUST021,P00463,1,36-50,F,Ferrero Milk Chocolate,Snacks,Chocolates & Sweets,Ferrero,95.0,5,393,4.4,12.47,29.07,No,267,2020-08-18,0.98,956.0,2026-01-18,90.25,90.25
T000201,2025-12-25,CUST021,P00955,2,36-50,F,FarmFresh Carrot,Fresh,Fruits & Vegetables,FarmFresh,109.0,10,2187,4.3,16.31,37.68,Yes,6,2023-12-31,,,,98.1,196.2
T000202,2025-12-25,CUST021,P00217,3,36-50,F,Scotch-Brite Cling Wrap,Household,Kitchen Essentials,Scotch-Brite,82.0,10,247,3.8,26.35,37.68,No,578,2021-10-10,0.52,702.0,2026-01-18,73.8,221.39999999999998
T000274,2025-12-25,CUST025,P00376,1,19-35,O,Pears Body Wash,Personal Care,Bath & Body,Pears,75.0,5,444,4.0,20.99,30.11,No,336,2023-03-04,,,,71.25,71.25
T000275,2025-12-25,CUST025,P00697,3,19-35,O,Surf Excel Dishwash Liquid,Household,Cleaning & Laundry,Surf Excel,273.0,15,608,4.7,6.36,25.96,No,364,2020-02-08,,,,232.05,696.1500000000001
T000276,2025-12-25,CUST025,P00877,2,19-35,O,Dabur Red Electric Toothbrush,Personal Care,Oral Care,Dabur Red,128.0,5,482,4.8,4.82,38.62,No,566,2020-09-13,,,,121.6,243.2
T000287,2025-12-25,CUST026,P00035,1,19-35,F,Dodla Milk,Fresh,Dairy & Eggs,Dodla,86.0,5,2127,4.8,5.05,27.7,Yes,8,2021-04-01,0.69,329.0,2026-01-18,81.7,81.7
T000288,2025-12-25,CUST026,P00714,4,19-35,F,Rin Detergent Liquid,Household,Cleaning & Laundry,Rin,345.0,20,342,4.7,8.19,35.88,No,203,2023-11-20,0.72,523.0,2026-01-18,276.0,1104.0
T000289,2025-12-25,CUST026,P00556,3,19-35,F,Sunfeast Cookies,Snacks,Snacks & Biscuits,Sunfeast,90.0,0,652,3.4,32.45,27.34,No,665,2022-10-15,,,,90.0,270.0
T000290,2025-12-25,CUST026,P00916,3,19-35,F,Real Fruit Juice,Beverages,Cold Drinks & Juices,Real,51.0,5,1384,3.3,34.07,32.33,No,336,2021-03-18,,,,48.45,145.35000000000002
T000291,2025-12-25,CUST026,P00670,4,19-35,F,Prestige Paper Towels,Household,Kitchen Essentials,Prestige,50.0,5,382,4.4,13.41,33.42,No,699,2021-03-25,0.15,571.0,2026-01-18,47.5,190.0
T000331,2025-12-25,CUST029,P00701,2,36-50,M,Santoor Face Wash,Personal Care,Bath & Body,Santoor,90.0,10,280,3.9,22.97,34.37,No,303,2020-04-16,,,,81.0,162.0
T000332,2025-12-25,CUST029,P00519,4,36-50,M,Kurkure Bhujia,Snacks,Snacks & Biscuits,Kurkure,199.0,20,842,4.3,16.14,33.91,No,625,2023-01-21,0.82,184.0,2026-01-18,159.2,636.8
T000333,2025-12-25,CUST029,P00074,2,36-50,M,Nescafe Herbal Tea,Beverages,Tea & Coffee,Nescafe,428.0,0,237,3.8,26.08,35.68,No,590,2023-01-31,,,,428.0,856.0
T000008,2025-12-26,CUST001,P00560,4,51-65,O,24 Mantra Chana Dal,Staples,"Atta, Rice & Dal",24 Mantra,77.0,15,626,3.6,29.83,37.32,No,562,2020-10-06,0.66,715.0,2026-01-18,65.45,261.8
T000255,2025-12-26,CUST024,P00012,4,19-35,O,Pigeon Food Storage Bags,Household,Kitchen Essentials,Pigeon,97.0,10,512,3.5,30.01,29.16,No,449,2022-10-22,0.32,632.0,2026-01-18,87.3,349.2
T000256,2025-12-26,CUST024,P00026,3,19-35,O,Sensodyne Toothbrush,Personal Care,Oral Care,Sensodyne,151.0,5,360,4.0,22.79,25.97,No,189,2022-07-27,0.27,760.0,2026-01-18,143.45,430.34999999999997
T000257,2025-12-26,CUST024,P00898,1,19-35,O,Dabur Red Toothpaste,Personal Care,Oral Care,Dabur Red,250.0,20,245,3.3,36.0,30.75,No,511,2023-09-22,,,,200.0,200.0
T000258,2025-12-26,CUST024,P00186,3,19-35,O,Heritage Fresh Cream,Fresh,Dairy & Eggs,Heritage,86.0,5,1505,3.5,32.24,30.92,Yes,11,2023-12-08,0.52,314.0,2026-01-18,81.7,245.10000000000002
T000259,2025-12-26,CUST024,P00582,3,19-35,O,Fortune Mustard Oil,Staples,Edible Oils & Ghee,Fortune,414.0,0,631,4.3,15.75,36.67,No,464,2021-02-04,0.32,457.0,2026-01-18,414.0,1242.0
T000094,2025-12-27,CUST009,P00317,3,19-35,M,Lux Bath Soap,Personal Care,Bath & Body,Lux,169.0,20,415,4.4,14.13,35.87,No,565,2021-12-15,,,,135.2,405.59999999999997
T000095,2025-12-27,CUST009,P00257,2,19-35,M,Sunfeast Popcorn,Snacks,Snacks & Biscuits,Sunfeast,120.0,10,1414,3.3,36.69,25.68,No,686,2022-03-01,0.34,363.0,2026-01-18,108.0,216.0
T000096,2025-12-27,CUST009,P00204,4,19-35,M,Cadbury Rasgulla,Snacks,Chocolates & Sweets,Cadbury,276.0,5,183,3.6,30.8,31.31,No,607,2021-08-27,0.23,352.0,2026-01-18,262.2,1048.8
T000125,2025-12-27,CUST013,P00536,2,36-50,O,Heritage Fresh Cream,Fresh,Dairy & Eggs,Heritage,215.0,10,860,3.5,30.07,38.62,Yes,14,2023-09-06,,,,193.5,387.0
T000126,2025-12-27,CUST013,P00974,2,36-50,O,Freedom Desi Ghee,Staples,Edible Oils & Ghee,Freedom,145.0,0,791,3.6,28.11,28.75,No,632,2022-02-05,,,,145.0,290.0
T000140,2025-12-27,CUST016,P00739,1,51-65,O,Parle Namkeen Mix,Snacks,Snacks & Biscuits,Parle,95.0,15,1326,3.8,25.75,33.02,No,524,2022-05-22,,,,80.75,80.75
T000141,2025-12-27,CUST016,P00548,3,51-65,O,Emami Healthy & Tasty Olive Oil,Staples,Edible Oils & Ghee,Emami Healthy & Tasty,232.0,20,478,4.8,4.11,37.88,No,199,2022-08-23,,,,185.6,556.8
T000142,2025-12-27,CUST016,P00733,1,51-65,O,Tropicana Apple Juice,Beverages,Cold Drinks & Juices,Tropicana,63.0,20,1521,4.7,8.64,39.02,No,327,2020-09-24,,,,50.4,50.4
T000219,2025-12-27,CUST022,P00348,1,51-65,O,Milton Kitchen Towels,Household,Kitchen Essentials,Milton,145.0,15,405,3.8,24.16,36.66,No,645,2021-11-10,,,,123.25,123.25
T000220,2025-12-27,CUST022,P00314,3,51-65,O,Lux Bath Soap,Personal Care,Bath & Body,Lux,230.0,15,588,4.0,22.88,32.88,No,538,2021-12-06,0.47,885.0,2026-01-18,195.5,586.5
T000221,2025-12-27,CUST022,P00657,2,51-65,O,Brooke Bond Instant Coffee,Beverages,Tea & Coffee,Brooke Bond,544.0,15,189,3.3,35.03,33.05,No,409,2023-08-19,,,,462.4,924.8
T000222,2025-12-27,CUST022,P00415,1,51-65,O,Brooke Bond Herbal Tea,Beverages,Tea & Coffee,Brooke Bond,685.0,5,467,4.4,14.44,29.19,No,421,2023-02-11,,,,650.75,650.75
T000277,2025-12-27,CUST026,P00243,3,19-35,F,Patanjali Desi Ghee,Staples,Edible Oils & Ghee,Patanjali,518.0,5,599,3.4,32.62,36.9,No,240,2023-03-13,,,,492.1,1476.3000000000002
T000278,2025-12-27,CUST026,P00335,3,19-35,F,Milton Kitchen Towels,Household,Kitchen Essentials,Milton,110.0,15,197,4.1,19.85,35.76,No,288,2022-10-16,,,,93.5,280.5
T000279,2025-12-27,CUST026,P00877,3,19-35,F,Dabur Red Electric Toothbrush,Personal Care,Oral Care,Dabur Red,128.0,5,482,4.8,4.82,38.62,No,566,2020-09-13,,,,121.6,364.79999999999995
TXN-82A8C9EA,2025-12-27,CUST002,P00932,3,36-50,F,Patanjali Shampoo,Personal Care,Bath & Body,Patanjali,275.0,0,176,3.7,26.44,31.24,No,603,2023-07-28,,,,275.0,825.0
TXN-82A8C9EA,2025-12-27,CUST002,P00185,3,36-50,F,Colgate Toothbrush,Personal Care,Oral Care,Colgate,220.0,0,405,3.7,27.22,32.46,No,498,2023-11-14,,,,220.0,660.0
TXN-2AD600BC,2025-12-27,CUST004,P00841,3,36-50,M,Lux Shampoo,Personal Care,Bath & Body,Lux,116.0,5,240,3.4,32.12,25.15,No,329,2022-05-23,0.17,727.0,2026-01-18,110.2,330.6
TXN-2AD600BC,2025-12-27,CUST004,P00796,3,36-50,M,B Natural Orange Juice,Beverages,Cold Drinks & Juices,B Natural,63.0,15,499,4.0,21.62,36.35,No,354,2023-09-13,0.77,568.0,2026-01-18,53.55,160.64999999999998
TXN-2AD600BC,2025-12-27,CUST004,P00621,3,36-50,M,Bru Green Tea,Beverages,Tea & Coffee,Bru,511.0,10,603,4.1,20.01,31.79,No,199,2023-07-09,0.1,432.0,2026-01-18,459.9,1379.6999999999998
TXN-2AD600BC,2025-12-27,CUST004,P00140,3,36-50,M,Patanjali Groundnut Oil,Staples,Edible Oils & Ghee,Patanjali,167.0,20,638,3.3,35.58,32.39,No,699,2023-02-08,0.13,354.0,2026-01-18,133.6,400.79999999999995
TXN-37B9B3BC,2025-12-27,CUST006,P00500,2,51-65,F,Amul Fresh Cream,Fresh,Dairy & Eggs,Amul,99.0,15,826,4.0,20.71,33.22,Yes,9,2021-03-18,,,,84.15,168.3
TXN-37B9B3BC,2025-12-27,CUST006,P00539,3,51-65,F,Aashirvaad Brown Rice,Staples,"Atta, Rice & Dal",Aashirvaad,245.0,15,883,4.9,2.77,27.81,No,362,2022-06-21,0.4,73.0,2026-01-18,208.25,624.75
TXN-37B9B3BC,2025-12-27,CUST006,P00624,1,51-65,F,Pears Body Lotion,Personal Care,Bath & Body,Pears,186.0,5,322,4.4,12.71,36.42,No,333,2021-01-28,,,,176.7,176.7
TXN-C6377890,2025-12-27,CUST008,P00498,3,51-65,F,Milton Kitchen Towels,Household,Kitchen Essentials,Milton,49.0,5,671,4.4,14.4,26.67,No,542,2020-05-15,,,,46.55,139.64999999999998
TXN-C6377890,2025-12-27,CUST008,P00766,3,51-65,F,Fortune Groundnut Oil,Staples,Edible Oils & Ghee,Fortune,365.0,20,550,3.3,36.66,33.83,No,691,2020-07-27,0.38,49.0,2026-01-18,292.0,876.0
TXN-D52E482F,2025-12-27,CUST013,P00011,3,36-50,O,Paper Boat Energy Drink,Beverages,Cold Drinks & Juices,Paper Boat,139.0,20,594,4.9,4.58,39.83,No,297,2023-10-28,0.5,269.0,2026-01-18,111.2,333.6
TXN-AA7A5B96,2025-12-27,CUST015,P00432,2,19-35,M,Pigeon Cling Wrap,Household,Kitchen Essentials,Pigeon,49.0,5,145,4.8,4.07,25.41,No,468,2021-07-05,,,,46.55,93.1
TXN-AA7A5B96,2025-12-27,CUST015,P00997,1,19-35,M,Pepsodent Toothpaste,Personal Care,Oral Care,Pepsodent,247.0,20,317,3.8,25.18,30.77,No,550,2021-07-04,,,,197.6,197.6
TXN-AA7A5B96,2025-12-27,CUST015,P00538,1,19-35,M,Pears Face Wash,Personal Care,Bath & Body,Pears,279.0,0,385,4.8,4.83,33.59,No,511,2021-06-11,0.89,654.0,2026-01-18,279.0,279.0
TXN-AA7A5B96,2025-12-27,CUST015,P00758,3,19-35,M,Country Delight Buttermilk,Fresh,Dairy & Eggs,Country Delight,220.0,15,1779,3.5,30.11,36.24,Yes,7,2021-10-31,,,,187.0,561.0
TXN-AA7A5B96,2025-12-27,CUST015,P00108,3,19-35,M,Santoor Hand Wash,Personal Care,Bath & Body,Santoor,200.0,10,422,4.8,6.06,32.89,No,273,2020-06-23,0.22,504.0,2026-01-18,180.0,540.0
TXN-BD136424,2025-12-27,CUST016,P00760,2,51-65,O,Fortune Atta,Staples,"Atta, Rice & Dal",Fortune,140.0,10,531,4.1,19.17,38.84,No,191,2023-10-19,,,,126.0,252.0
TXN-BD136424,2025-12-27,CUST016,P00413,3,51-65,O,Amul Fresh Cream,Fresh,Dairy & Eggs,Amul,33.0,5,1454,4.2,16.98,30.82,Yes,9,2021-01-18,0.59,623.0,2026-01-18,31.35,94.05000000000001
TXN-BD136424,2025-12-27,CUST016,P00389,1,51-65,O,Pepsi Orange Juice,Beverages,Cold Drinks & Juices,Pepsi,75.0,15,1381,4.9,4.6,37.44,No,600,2023-05-15,0.68,751.0,2026-01-18,63.75,63.75
TXN-BD136424,2025-12-27,CUST016,P00175,1,51-65,O,Mars Ladoo,Snacks,Chocolates & Sweets,Mars,550.0,10,472,3.8,26.8,28.07,No,460,2021-08-12,,,,495.0,495.0
TXN-BD136424,2025-12-27,CUST016,P00195,2,51-65,O,Aashirvaad Multigrain Atta,Staples,"Atta, Rice & Dal",Aashirvaad,278.0,20,359,3.6,28.13,33.42,No,402,2020-04-25,0.93,975.0,2026-01-18,222.4,444.8
TXN-BCCFB507,2025-12-27,CUST018,P00469,3,19-35,O,Freedom Mustard Oil,Staples,Edible Oils & Ghee,Freedom,482.0,5,189,3.8,25.06,30.62,No,421,2022-10-23,1.0,136.0,2026-01-18,457.9,1373.6999999999998
TXN-BCCFB507,2025-12-27,CUST018,P00857,1,19-35,O,Dhara Mustard Oil,Staples,Edible Oils & Ghee,Dhara,484.0,5,497,3.6,30.18,34.47,No,670,2020-07-10,,,,459.8,459.8
TXN-BCCFB507,2025-12-27,CUST018,P00225,1,19-35,O,Dettol Detergent Powder,Household,Cleaning & Laundry,Dettol,294.0,15,403,4.6,8.21,27.28,No,598,2023-10-10,0.34,695.0,2026-01-18,249.9,249.9
TXN-BCCFB507,2025-12-27,CUST018,P00427,1,19-35,O,Closeup Mouthwash,Personal Care,Oral Care,Closeup,188.0,5,175,4.0,21.1,36.1,No,490,2020-01-22,,,,178.6,178.6
TXN-BCCFB507,2025-12-27,CUST018,P00154,2,19-35,O,Tata Sampann Sona Masoori Rice,Staples,"Atta, Rice & Dal",Tata Sampann,171.0,15,341,3.8,25.72,32.99,No,312,2023-06-07,0.15,403.0,2026-01-18,145.35,290.7
TXN-84F5B9F7,2025-12-27,CUST019,P00878,1,36-50,O,Patanjali Body Lotion,Personal Care,Bath & Body,Patanjali,68.0,5,521,3.5,32.24,31.62,No,259,2023-11-19,,,,64.6,64.6
TXN-DF3CDCAA,2025-12-27,CUST027,P00635,2,36-50,F,Fiama Bath Soap,Personal Care,Bath & Body,Fiama,134.0,15,265,3.2,36.6,35.42,No,264,2020-08-14,,,,113.9,227.8
TXN-DF3CDCAA,2025-12-27,CUST027,P00751,3,36-50,F,Nestle Rasgulla,Snacks,Chocolates & Sweets,Nestle,163.0,5,694,3.9,24.23,34.17,No,391,2020-09-23,,,,154.85,464.54999999999995
TXN-DF3CDCAA,2025-12-27,CUST027,P00043,3,36-50,F,Paper Boat Iced Tea,Beverages,Cold Drinks & Juices,Paper Boat,69.0,15,1199,3.9,22.44,29.68,No,289,2022-05-20,0.46,318.0,2026-01-18,58.65,175.95
TXN-DF3CDCAA,2025-12-27,CUST027,P00566,3,36-50,F,Dhara Mustard Oil,Staples,Edible Oils & Ghee,Dhara,172.0,0,656,4.3,14.49,33.11,No,204,2022-07-20,,,,172.0,516.0
TXN-DF3CDCAA,2025-12-27,CUST027,P00273,1,36-50,F,Sundrop Sunflower Oil,Staples,Edible Oils & Ghee,Sundrop,143.0,15,940,4.8,4.71,36.08,No,502,2022-03-15,0.29,74.0,2026-01-18,121.55,121.55
T000017,2025-12-28,CUST003,P00104,3,19-35,O,Sunfeast Cookies,Snacks,Snacks & Biscuits,Sunfeast,177.0,0,1220,4.5,12.6,32.18,No,649,2023-08-10,0.66,75.0,2026-01-18,177.0,531.0
T000018,2025-12-28,CUST003,P00295,4,19-35,O,Closeup Toothbrush,Personal Care,Oral Care,Closeup,176.0,15,409,4.1,18.3,32.81,No,410,2020-11-29,,,,149.6,598.4
T000019,2025-12-28,CUST003,P00483,3,19-35,O,Mars Milk Chocolate,Snacks,Chocolates & Sweets,Mars,176.0,0,278,4.4,13.9,38.72,No,573,2024-01-28,0.84,950.0,2026-01-18,176.0,528.0
T000020,2025-12-28,CUST003,P00380,1,19-35,O,Daawat Masoor Dal,Staples,"Atta, Rice & Dal",Daawat,328.0,20,1083,4.3,14.45,34.11,No,477,2020-10-01,0.14,466.0,2026-01-18,262.4,262.4
T000021,2025-12-28,CUST003,P00363,3,19-35,O,Pigeon Aluminium Foil,Household,Kitchen Essentials,Pigeon,152.0,5,524,3.3,35.52,33.76,No,593,2020-07-07,,,,144.4,433.20000000000005
T000022,2025-12-28,CUST003,P00329,1,19-35,O,Sunfeast Marie Biscuits,Snacks,Snacks & Biscuits,Sunfeast,24.0,0,1602,4.4,12.68,26.83,No,499,2020-09-21,0.97,730.0,2026-01-18,24.0,24.0
T000023,2025-12-28,CUST003,P00422,2,19-35,O,Continental Filter Coffee,Beverages,Tea & Coffee,Continental,523.0,5,246,4.7,6.38,36.48,No,437,2023-12-06,,,,496.85,993.7
T000088,2025-12-28,CUST008,P00160,2,51-65,F,Real Iced Tea,Beverages,Cold Drinks & Juices,Real,97.0,15,665,4.6,10.05,35.54,No,254,2023-11-11,0.88,641.0,2026-01-18,82.45,164.9
T000107,2025-12-28,CUST011,P00939,1,36-50,M,Harpic Floor Cleaner,Household,Cleaning & Laundry,Harpic,297.0,5,463,4.1,19.52,39.2,No,459,2022-01-27,0.38,962.0,2026-01-18,282.15,282.15
T000108,2025-12-28,CUST011,P00965,1,36-50,M,24 Mantra Multigrain Atta,Staples,"Atta, Rice & Dal",24 Mantra,62.0,20,1331,3.9,24.78,35.5,No,675,2021-01-11,0.58,452.0,2026-01-18,49.6,49.6
T000109,2025-12-28,CUST011,P00285,2,36-50,M,Parle Namkeen Mix,Snacks,Snacks & Biscuits,Parle,83.0,5,819,4.1,20.37,28.94,No,404,2023-03-25,,,,78.85,157.7
T000110,2025-12-28,CUST011,P00611,2,36-50,M,Harpic Detergent Powder,Household,Cleaning & Laundry,Harpic,201.0,15,591,3.7,27.13,33.1,No,213,2020-12-28,,,,170.85,341.7
T000139,2025-12-28,CUST016,P00458,2,51-65,O,LocalFarm Ginger,Fresh,Fruits & Vegetables,LocalFarm,117.0,0,1409,4.1,18.96,31.53,Yes,10,2022-10-25,,,,117.0,234.0
T000283,2025-12-28,CUST026,P00053,3,19-35,F,Aashirvaad Rajma,Staples,"Atta, Rice & Dal",Aashirvaad,436.0,0,524,3.5,30.06,37.71,No,309,2022-08-27,0.51,570.0,2026-01-18,436.0,1308.0
T000284,2025-12-28,CUST026,P00006,3,19-35,F,Nescafe Herbal Tea,Beverages,Tea & Coffee,Nescafe,266.0,10,469,3.6,28.8,25.95,No,253,2023-06-01,0.75,826.0,2026-01-18,239.4,718.2
T000285,2025-12-28,CUST026,P00585,2,19-35,F,Reliance Fresh Cabbage,Fresh,Fruits & Vegetables,Reliance Fresh,126.0,15,1473,3.5,32.18,26.53,Yes,11,2020-10-12,,,,107.1,214.2
T000286,2025-12-28,CUST026,P00222,1,19-35,F,Dabur Red Electric Toothbrush,Personal Care,Oral Care,Dabur Red,100.0,15,243,3.4,32.02,34.06,No,569,2021-11-05,0.41,160.0,2026-01-18,85.0,85.0
TXN-B8CC31CA,2025-12-28,CUST016,P00631,1,51-65,O,Reliance Fresh Banana,Fresh,Fruits & Vegetables,Reliance Fresh,81.0,10,2010,3.7,28.88,34.56,Yes,6,2022-12-31,0.73,91.0,2026-01-18,72.9,72.9
TXN-B8CC31CA,2025-12-28,CUST016,P00667,1,51-65,O,Real Mixed Fruit Juice,Beverages,Cold Drinks & Juices,Real,120.0,0,668,3.2,37.89,29.3,No,605,2022-10-12,0.57,402.0,2026-01-18,120.0,120.0
TXN-B8CC31CA,2025-12-28,CUST016,P00201,1,51-65,O,Sprite Diet Soft Drink,Beverages,Cold Drinks & Juices,Sprite,75.0,15,651,4.7,7.0,25.64,No,195,2021-03-09,0.52,836.0,2026-01-18,63.75,63.75
TXN-3760EE60,2025-12-28,CUST023,P00354,2,51-65,M,Harpic Dishwash Bar,Household,Cleaning & Laundry,Harpic,431.0,10,471,4.6,8.41,30.96,No,704,2021-09-04,0.53,66.0,2026-01-18,387.9,775.8
T000338,2025-12-29,CUST030,P00515,4,19-35,M,Fortune Rice Bran Oil,Staples,Edible Oils & Ghee,Fortune,191.0,20,1051,4.6,8.98,30.32,No,242,2020-07-04,,,,152.8,611.2
TXN-C1219A23,2025-12-29,CUST015,P00850,2,19-35,M,Sundrop Sunflower Oil,Staples,Edible Oils & Ghee,Sundrop,142.0,5,949,4.6,9.49,32.01,No,705,2020-06-02,,,,134.9,269.8
TXN-4DFD0303,2025-12-29,CUST028,P00658,1,19-35,M,Patanjali Talcum Powder,Personal Care,Bath & Body,Patanjali,82.0,10,605,3.9,24.72,32.84,No,332,2020-09-18,0.9,645.0,2026-01-18,73.8,73.8
TXN-4DFD0303,2025-12-29,CUST028,P00190,3,19-35,M,Parle Bhujia,Snacks,Snacks & Biscuits,Parle,31.0,15,1160,4.4,13.62,39.1,No,250,2022-08-24,0.54,881.0,2026-01-18,26.35,79.05000000000001
TXN-4DFD0303,2025-12-29,CUST028,P00378,2,19-35,M,Lays Marie Biscuits,Snacks,Snacks & Biscuits,Lays,138.0,15,919,4.5,11.46,38.37,No,263,2021-07-28,0.31,965.0,2026-01-18,117.3,234.6
TXN-4DFD0303,2025-12-29,CUST028,P00214,3,19-35,M,Sunfeast Roasted Peanuts,Snacks,Snacks & Biscuits,Sunfeast,165.0,15,1340,4.7,7.0,28.67,No,323,2023-11-12,0.92,14.0,2026-01-18,140.25,420.75
TXN-4DFD0303,2025-12-29,CUST028,P00856,1,19-35,M,Parle Popcorn,Snacks,Snacks & Biscuits,Parle,196.0,15,1184,3.6,29.88,30.93,No,391,2022-06-24,,,,166.6,166.6
T000039,2025-12-30,CUST004,P00991,1,36-50,M,Sundrop Olive Oil,Staples,Edible Oils & Ghee,Sundrop,295.0,0,506,4.4,14.36,39.46,No,420,2023-12-01,,,,295.0,295.0
T000040,2025-12-30,CUST004,P00320,3,36-50,M,Pepsodent Toothbrush,Personal Care,Oral Care,Pepsodent,182.0,5,153,4.6,10.41,31.0,No,507,2023-10-26,,,,172.9,518.7
T000041,2025-12-30,CUST004,P00205,4,36-50,M,India Gate Toor Dal,Staples,"Atta, Rice & Dal",India Gate,244.0,20,749,4.0,21.96,29.73,No,443,2022-09-27,0.59,890.0,2026-01-18,195.2,780.8
T000150,2025-12-30,CUST017,P00988,1,51-65,M,Heritage Fresh Cream,Fresh,Dairy & Eggs,Heritage,104.0,5,1682,3.9,23.97,30.15,Yes,6,2021-05-27,,,,98.8,98.8
T000151,2025-12-30,CUST017,P00185,2,51-65,M,Colgate Toothbrush,Personal Care,Oral Care,Colgate,220.0,0,405,3.7,27.22,32.46,No,498,2023-11-14,,,,220.0,440.0
T000152,2025-12-30,CUST017,P00473,2,51-65,M,Dove Hand Wash,Personal Care,Bath & Body,Dove,100.0,5,428,4.6,8.44,39.56,No,506,2022-04-27,,,,95.0,190.0
T000153,2025-12-30,CUST017,P00873,4,51-65,M,Tata Sampann Atta,Staples,"Atta, Rice & Dal",Tata Sampann,110.0,5,1017,4.4,14.09,33.63,No,235,2023-12-07,0.85,732.0,2026-01-18,104.5,418.0
TXN-DF558652,2025-12-30,CUST004,P00927,2,36-50,M,Bru Green Tea,Beverages,Tea & Coffee,Bru,137.0,20,737,3.3,35.93,38.96,No,277,2022-04-30,,,,109.6,219.2
TXN-E9E80B5D,2025-12-30,CUST005,P00082,1,36-50,M,Lux Body Lotion,Personal Care,Bath & Body,Lux,250.0,0,316,4.5,12.12,27.83,No,575,2023-09-21,0.83,660.0,2026-01-18,250.0,250.0
TXN-E9E80B5D,2025-12-30,CUST005,P00719,3,36-50,M,India Gate Chana Dal,Staples,"Atta, Rice & Dal",India Gate,224.0,0,806,4.1,18.71,38.91,No,629,2020-07-14,0.71,915.0,2026-01-18,224.0,672.0
TXN-E9E80B5D,2025-12-30,CUST005,P00945,2,36-50,M,Bingo Namkeen Mix,Snacks,Snacks & Biscuits,Bingo,39.0,5,1717,4.5,10.03,34.72,No,665,2023-04-09,,,,37.05,74.1
TXN-E9E80B5D,2025-12-30,CUST005,P00336,3,36-50,M,India Gate Brown Rice,Staples,"Atta, Rice & Dal",India Gate,233.0,15,823,3.5,31.64,26.34,No,672,2021-11-08,0.27,463.0,2026-01-18,198.05,594.1500000000001
TXN-8B39502E,2025-12-30,CUST008,P00303,2,51-65,F,Paper Boat Soft Drink,Beverages,Cold Drinks & Juices,Paper Boat,127.0,20,1309,4.7,7.42,26.77,No,667,2021-09-04,0.62,553.0,2026-01-18,101.6,203.2
TXN-8B39502E,2025-12-30,CUST008,P00778,1,51-65,F,Pepsodent Toothbrush,Personal Care,Oral Care,Pepsodent,98.0,0,137,4.7,8.19,34.39,No,594,2022-05-01,,,,98.0,98.0
T000035,2025-12-31,CUST004,P00770,2,36-50,M,24 Mantra Sona Masoori Rice,Staples,"Atta, Rice & Dal",24 Mantra,428.0,10,407,3.7,27.93,28.59,No,713,2022-04-29,0.58,597.0,2026-01-18,385.2,770.4
T000036,2025-12-31,CUST004,P00933,4,36-50,M,B Natural Mixed Fruit Juice,Beverages,Cold Drinks & Juices,B Natural,145.0,10,635,4.5,11.45,38.62,No,483,2023-12-27,0.89,26.0,2026-01-18,130.5,522.0
T000037,2025-12-31,CUST004,P00895,4,36-50,M,Sprite Soft Drink,Beverages,Cold Drinks & Juices,Sprite,25.0,15,890,3.6,28.53,37.88,No,460,2022-04-09,,,,21.25,85.0
T000038,2025-12-31,CUST004,P00381,3,36-50,M,Tropicana Energy Drink,Beverages,Cold Drinks & Juices,Tropicana,148.0,0,1003,3.6,30.89,25.27,No,349,2022-11-18,,,,148.0,444.0
T000089,2025-12-31,CUST008,P00838,2,51-65,F,Colgate Toothbrush,Personal Care,Oral Care,Colgate,77.0,0,244,3.5,31.5,28.49,No,422,2020-04-16,,,,77.0,154.0
T000090,2025-12-31,CUST008,P00081,4,51-65,F,Closeup Toothbrush,Personal Care,Oral Care,Closeup,187.0,15,394,3.8,26.29,34.34,No,509,2021-01-21,0.44,978.0,2026-01-18,158.95,635.8
T000232,2025-12-31,CUST023,P00772,4,51-65,M,Patanjali Body Lotion,Personal Care,Bath & Body,Patanjali,204.0,5,455,4.3,14.19,32.63,No,377,2020-04-16,,,,193.8,775.2
T000233,2025-12-31,CUST023,P00866,2,51-65,M,Harpic Fabric Softener,Household,Cleaning & Laundry,Harpic,422.0,20,279,4.4,12.45,29.99,No,488,2023-07-03,,,,337.6,675.2
T000234,2025-12-31,CUST023,P00287,2,51-65,M,Dabur Red Electric Toothbrush,Personal Care,Oral Care,Dabur Red,86.0,20,342,4.6,10.43,25.44,No,496,2020-12-25,,,,68.8,137.6
T000235,2025-12-31,CUST023,P00842,3,51-65,M,LocalFarm Orange,Fresh,Fruits & Vegetables,LocalFarm,117.0,15,2273,3.7,27.9,36.53,Yes,10,2022-05-22,0.16,469.0,2026-01-18,99.45,298.35
T000305,2025-12-31,CUST027,P00237,1,36-50,F,Brooke Bond Instant Coffee,Beverages,Tea & Coffee,Brooke Bond,688.0,15,396,3.5,31.91,29.6,No,357,2023-02-10,0.9,28.0,2026-01-18,584.8,584.8
T000306,2025-12-31,CUST027,P00990,4,36-50,F,Cadbury Dark Chocolate,Snacks,Chocolates & Sweets,Cadbury,404.0,15,754,4.8,5.46,38.82,No,320,2022-12-02,0.98,326.0,2026-01-18,343.4,1373.6
T000307,2025-12-31,CUST027,P00668,3,36-50,F,Closeup Toothpaste,Personal Care,Oral Care,Closeup,152.0,15,572,4.2,17.83,29.82,No,679,2021-04-19,0.47,393.0,2026-01-18,129.2,387.59999999999997
T000308,2025-12-31,CUST027,P00796,3,36-50,F,B Natural Orange Juice,Beverages,Cold Drinks & Juices,B Natural,63.0,15,499,4.0,21.62,36.35,No,354,2023-09-13,0.77,568.0,2026-01-18,53.55,160.64999999999998
T000309,2025-12-31,CUST027,P00138,4,36-50,F,Emami Healthy & Tasty Sunflower Oil,Staples,Edible Oils & Ghee,Emami Healthy & Tasty,375.0,5,435,3.4,32.72,30.42,No,648,2020-05-08,0.88,58.0,2026-01-18,356.25,1425.0
T000335,2025-12-31,CUST030,P00036,4,19-35,M,Organic India Lady Finger,Fresh,Fruits & Vegetables,Organic India,91.0,0,1471,3.8,25.53,29.8,Yes,13,2021-11-09,0.3,816.0,2026-01-18,91.0,364.0
T000336,2025-12-31,CUST030,P00170,3,19-35,M,Mother Dairy Fresh Cream,Fresh,Dairy & Eggs,Mother Dairy,136.0,20,1207,4.6,10.18,29.68,Yes,5,2023-05-07,0.96,721.0,2026-01-18,108.8,326.4
T000337,2025-12-31,CUST030,P00829,2,19-35,M,Milton Cling Wrap,Household,Kitchen Essentials,Milton,61.0,20,595,4.8,6.02,26.77,No,716,2021-04-05,,,,48.8,97.6
TXN-FE98C0F2,2025-12-31,CUST009,P00379,3,19-35,M,Fortune Brown Rice,Staples,"Atta, Rice & Dal",Fortune,422.0,0,223,4.6,9.89,27.81,No,594,2023-04-23,0.23,689.0,2026-01-18,422.0,1266.0
TXN-FE98C0F2,2025-12-31,CUST009,P00477,3,19-35,M,Sprite Mixed Fruit Juice,Beverages,Cold Drinks & Juices,Sprite,36.0,5,1127,4.7,7.47,35.14,No,648,2021-05-20,0.79,293.0,2026-01-18,34.2,102.60000000000001
TXN-FE98C0F2,2025-12-31,CUST009,P00093,1,19-35,M,Pepsodent Toothbrush,Personal Care,Oral Care,Pepsodent,83.0,20,527,4.1,20.74,27.54,No,443,2022-09-13,0.28,634.0,2026-01-18,66.4,66.4
TXN-FE98C0F2,2025-12-31,CUST009,P00393,3,19-35,M,Kurkure Popcorn,Snacks,Snacks & Biscuits,Kurkure,78.0,15,1865,3.8,25.77,28.88,No,280,2022-05-21,,,,66.3,198.89999999999998
TXN-95E5C3B1,2026-01-01,CUST016,P00257,1,51-65,O,Sunfeast Popcorn,Snacks,Snacks & Biscuits,Sunfeast,120.0,10,1414,3.3,36.69,25.68,No,686,2022-03-01,0.34,363.0,2026-01-18,108.0,108.0
TXN-B9A7F6E0,2026-01-02,CUST013,P00976,1,36-50,O,Girnar Filter Coffee,Beverages,Tea & Coffee,Girnar,330.0,5,265,3.9,23.59,28.15,No,268,2023-04-07,0.46,697.0,2026-01-18,313.5,313.5
TXN-B9A7F6E0,2026-01-02,CUST013,P00679,2,36-50,O,Glad Cling Wrap,Household,Kitchen Essentials,Glad,259.0,15,380,4.7,8.86,32.26,No,550,2020-03-01,0.58,602.0,2026-01-18,220.15,440.3
TXN-B9A7F6E0,2026-01-02,CUST013,P00518,3,36-50,O,Pigeon Cling Wrap,Household,Kitchen Essentials,Pigeon,71.0,10,647,4.8,4.0,31.61,No,547,2020-08-12,,,,63.9,191.7
TXN-B9A7F6E0,2026-01-02,CUST013,P00976,2,36-50,O,Girnar Filter Coffee,Beverages,Tea & Coffee,Girnar,330.0,5,265,3.9,23.59,28.15,No,268,2023-04-07,0.46,697.0,2026-01-18,313.5,627.0
TXN-89E20151,2026-01-03,CUST003,P00433,2,19-35,O,Fortune Olive Oil,Staples,Edible Oils & Ghee,Fortune,318.0,0,318,3.2,36.65,33.69,No,690,2022-01-30,,,,318.0,636.0
TXN-89E20151,2026-01-03,CUST003,P00390,1,19-35,O,Daawat Urad Dal,Staples,"Atta, Rice & Dal",Daawat,135.0,10,1183,4.2,16.21,34.33,No,315,2020-08-10,0.85,297.0,2026-01-18,121.5,121.5
TXN-89E20151,2026-01-03,CUST003,P00958,3,19-35,O,Freedom Groundnut Oil,Staples,Edible Oils & Ghee,Freedom,284.0,10,492,3.3,35.7,30.57,No,367,2022-02-08,0.44,340.0,2026-01-18,255.6,766.8
TXN-89E20151,2026-01-03,CUST003,P00688,3,19-35,O,FreshBasket Cauliflower,Fresh,Fruits & Vegetables,FreshBasket,40.0,0,941,3.9,22.39,36.78,Yes,6,2022-01-26,0.77,698.0,2026-01-18,40.0,120.0
TXN-3D457AFD,2026-01-03,CUST005,P00681,2,36-50,M,Fiama Bath Soap,Personal Care,Bath & Body,Fiama,191.0,15,468,4.7,8.1,26.9,No,501,2021-12-05,,,,162.35,324.7
TXN-3D457AFD,2026-01-03,CUST005,P00211,1,36-50,M,Santoor Body Wash,Personal Care,Bath & Body,Santoor,234.0,15,550,4.0,21.91,29.46,No,264,2022-10-20,,,,198.9,198.9
TXN-3D457AFD,2026-01-03,CUST005,P00150,3,36-50,M,Continental Masala Tea,Beverages,Tea & Coffee,Continental,178.0,20,302,4.1,19.19,30.26,No,435,2020-08-20,0.26,403.0,2026-01-18,142.4,427.20000000000005
TXN-7B5734CB,2026-01-03,CUST029,P00246,1,36-50,M,Freedom Olive Oil,Staples,Edible Oils & Ghee,Freedom,464.0,15,252,4.3,16.64,38.6,No,707,2021-07-23,,,,394.4,394.4
TXN-7B5734CB,2026-01-03,CUST029,P00084,2,36-50,M,Paper Boat Fruit Juice,Beverages,Cold Drinks & Juices,Paper Boat,59.0,0,1062,4.5,10.8,30.64,No,587,2023-08-23,0.2,293.0,2026-01-18,59.0,118.0
TXN-7B5734CB,2026-01-03,CUST029,P00833,1,36-50,M,Pears Body Lotion,Personal Care,Bath & Body,Pears,44.0,0,556,4.0,20.25,32.3,No,337,2022-04-21,,,,44.0,44.0
TXN-6F2C9128,2026-01-04,CUST002,P00083,3,36-50,F,Dove Talcum Powder,Personal Care,Bath & Body,Dove,104.0,20,753,3.8,24.3,27.33,No,282,2022-12-13,0.39,183.0,2026-01-18,83.2,249.60000000000002
TXN-6F2C9128,2026-01-04,CUST002,P00641,3,36-50,F,Lux Body Lotion,Personal Care,Bath & Body,Lux,249.0,5,124,3.7,26.79,30.73,No,434,2022-01-27,,,,236.55,709.6500000000001
TXN-6F2C9128,2026-01-04,CUST002,P00854,2,36-50,F,Fortune Masoor Dal,Staples,"Atta, Rice & Dal",Fortune,50.0,10,1093,3.8,26.84,26.74,No,450,2024-01-18,,,,45.0,90.0
TXN-6F2C9128,2026-01-04,CUST002,P00215,2,36-50,F,Dove Hand Wash,Personal Care,Bath & Body,Dove,90.0,15,381,4.6,9.02,28.47,No,586,2021-10-30,0.27,442.0,2026-01-18,76.5,153.0
TXN-6F2C9128,2026-01-04,CUST002,P00814,2,36-50,F,Lifebuoy Shampoo,Personal Care,Bath & Body,Lifebuoy,132.0,0,591,4.0,20.94,39.41,No,391,2023-08-29,0.12,803.0,2026-01-18,132.0,264.0
TXN-88D1D1A9,2026-01-04,CUST012,P00093,2,51-65,O,Pepsodent Toothbrush,Personal Care,Oral Care,Pepsodent,83.0,20,527,4.1,20.74,27.54,No,443,2022-09-13,0.28,634.0,2026-01-18,66.4,132.8
TXN-663F3061,2026-01-04,CUST027,P00878,3,36-50,F,Patanjali Body Lotion,Personal Care,Bath & Body,Patanjali,68.0,5,521,3.5,32.24,31.62,No,259,2023-11-19,,,,64.6,193.79999999999998
TXN-663F3061,2026-01-04,CUST027,P00904,1,36-50,F,Parle Banana Chips,Snacks,Snacks & Biscuits,Parle,42.0,0,1522,4.8,4.31,28.76,No,282,2023-07-21,0.54,792.0,2026-01-18,42.0,42.0
TXN-47EB6A4E,2026-01-04,CUST028,P00298,3,19-35,M,Heritage Paneer,Fresh,Dairy & Eggs,Heritage,134.0,20,1984,4.8,5.62,30.09,Yes,9,2021-05-01,,,,107.2,321.6
TXN-B37CFF62,2026-01-05,CUST028,P00077,1,19-35,M,Lays Cream Biscuits,Snacks,Snacks & Biscuits,Lays,198.0,15,438,3.2,37.89,28.01,No,342,2021-09-28,0.98,296.0,2026-01-18,168.3,168.3
TXN-B37CFF62,2026-01-05,CUST028,P00289,3,19-35,M,Britannia Marie Biscuits,Snacks,Snacks & Biscuits,Britannia,25.0,5,1581,4.4,12.42,38.32,No,718,2022-01-17,0.1,202.0,2026-01-18,23.75,71.25
TXN-438789D8,2026-01-06,CUST019,P00764,1,36-50,O,Dove Shampoo,Personal Care,Bath & Body,Dove,252.0,20,200,4.6,8.97,30.6,No,392,2023-01-14,,,,201.6,201.6
TXN-438789D8,2026-01-06,CUST019,P00417,3,36-50,O,Sensodyne Dental Floss,Personal Care,Oral Care,Sensodyne,114.0,20,693,3.3,34.3,37.55,No,400,2021-06-04,0.75,229.0,2026-01-18,91.2,273.6
TXN-3A35DDAF,2026-01-06,CUST027,P00777,2,36-50,F,Santoor Face Wash,Personal Care,Bath & Body,Santoor,277.0,10,418,3.7,27.69,32.79,No,521,2020-10-06,,,,249.3,498.6
TXN-3A35DDAF,2026-01-06,CUST027,P00578,2,36-50,F,Kohinoor Atta,Staples,"Atta, Rice & Dal",Kohinoor,344.0,5,906,3.6,28.55,31.56,No,215,2023-09-25,,,,326.8,653.6
TXN-3A35DDAF,2026-01-06,CUST027,P00588,1,36-50,F,Continental Instant Coffee,Beverages,Tea & Coffee,Continental,143.0,10,742,3.7,27.68,33.05,No,207,2020-01-06,0.66,587.0,2026-01-18,128.7,128.7
TXN-B12B7F2C,2026-01-07,CUST008,P00245,3,51-65,F,Thums Up Orange Juice,Beverages,Cold Drinks & Juices,Thums Up,53.0,5,534,4.4,14.49,28.58,No,582,2022-09-29,0.76,955.0,2026-01-18,50.35,151.05
TXN-3956AC1C,2026-01-07,CUST019,P00661,3,36-50,O,Paper Boat Fruit Juice,Beverages,Cold Drinks & Juices,Paper Boat,31.0,0,1056,4.7,6.89,31.19,No,645,2023-10-04,,,,31.0,93.0
TXN-3956AC1C,2026-01-07,CUST019,P00504,3,36-50,O,Real Diet Soft Drink,Beverages,Cold Drinks & Juices,Real,25.0,20,1016,4.3,14.63,37.0,No,473,2021-07-20,,,,20.0,60.0
TXN-3956AC1C,2026-01-07,CUST019,P00054,2,36-50,O,Santoor Conditioner,Personal Care,Bath & Body,Santoor,171.0,10,267,4.2,18.89,29.22,No,347,2021-09-29,0.55,192.0,2026-01-18,153.9,307.8
TXN-7EE59DAD,2026-01-07,CUST023,P00800,2,51-65,M,Pigeon Cling Wrap,Household,Kitchen Essentials,Pigeon,234.0,20,80,3.7,27.77,37.15,No,577,2022-05-17,,,,187.2,374.4
TXN-836E1171,2026-01-08,CUST013,P00905,1,36-50,O,Paper Boat Orange Juice,Beverages,Cold Drinks & Juices,Paper Boat,74.0,5,1027,4.1,18.34,27.15,No,307,2021-12-19,,,,70.3,70.3
TXN-836E1171,2026-01-08,CUST013,P00966,2,36-50,O,Sundrop Desi Ghee,Staples,Edible Oils & Ghee,Sundrop,529.0,20,282,3.9,23.91,37.23,No,426,2020-12-15,,,,423.2,846.4
TXN-836E1171,2026-01-08,CUST013,P00787,2,36-50,O,Sprite Fruit Juice,Beverages,Cold Drinks & Juices,Sprite,35.0,5,652,3.6,30.71,33.86,No,291,2023-07-27,,,,33.25,66.5
TXN-836E1171,2026-01-08,CUST013,P00379,3,36-50,O,Fortune Brown Rice,Staples,"Atta, Rice & Dal",Fortune,422.0,0,223,4.6,9.89,27.81,No,594,2023-04-23,0.23,689.0,2026-01-18,422.0,1266.0
TXN-836E1171,2026-01-08,CUST013,P00690,2,36-50,O,Thums Up Fruit Juice,Beverages,Cold Drinks & Juices,Thums Up,144.0,15,389,4.8,5.54,32.06,No,397,2022-07-21,,,,122.4,244.8
TXN-1F80564E,2026-01-09,CUST005,P00939,1,36-50,M,Harpic Floor Cleaner,Household,Cleaning & Laundry,Harpic,297.0,5,463,4.1,19.52,39.2,No,459,2022-01-27,0.38,962.0,2026-01-18,282.15,282.15
TXN-2F5E8146,2026-01-09,CUST020,P00206,2,36-50,M,Pepsodent Dental Floss,Personal Care,Oral Care,Pepsodent,237.0,10,216,3.4,33.64,37.24,No,240,2022-12-09,0.88,547.0,2026-01-18,213.3,426.6
TXN-2F5E8146,2026-01-09,CUST020,P00104,1,36-50,M,Sunfeast Cookies,Snacks,Snacks & Biscuits,Sunfeast,177.0,0,1220,4.5,12.6,32.18,No,649,2023-08-10,0.66,75.0,2026-01-18,177.0,177.0
TXN-EF8EBDE9,2026-01-10,CUST005,P00044,3,36-50,M,24 Mantra Chickpeas,Staples,"Atta, Rice & Dal",24 Mantra,75.0,20,883,4.8,4.36,38.0,No,655,2023-09-29,0.91,257.0,2026-01-18,60.0,180.0
TXN-EF8EBDE9,2026-01-10,CUST005,P00473,2,36-50,M,Dove Hand Wash,Personal Care,Bath & Body,Dove,100.0,5,428,4.6,8.44,39.56,No,506,2022-04-27,,,,95.0,190.0
TXN-2DAF015C,2026-01-10,CUST013,P00828,1,36-50,O,B Natural Iced Tea,Beverages,Cold Drinks & Juices,B Natural,51.0,15,317,4.2,18.73,28.8,No,615,2023-12-09,,,,43.35,43.35
TXN-2DAF015C,2026-01-10,CUST013,P00088,2,36-50,O,Thums Up Iced Tea,Beverages,Cold Drinks & Juices,Thums Up,79.0,15,1419,3.6,28.77,39.86,No,656,2021-08-12,0.11,225.0,2026-01-18,67.15,134.3
TXN-2DAF015C,2026-01-10,CUST013,P00194,3,36-50,O,Patanjali Groundnut Oil,Staples,Edible Oils & Ghee,Patanjali,195.0,0,937,4.3,15.84,25.96,No,196,2021-05-07,,,,195.0,585.0
TXN-208B33E7,2026-01-10,CUST016,P00133,2,51-65,O,B Natural Apple Juice,Beverages,Cold Drinks & Juices,B Natural,138.0,10,738,4.1,19.26,37.57,No,384,2023-05-23,0.98,371.0,2026-01-18,124.2,248.4
TXN-208B33E7,2026-01-10,CUST016,P00061,3,51-65,O,Sunfeast Digestive Biscuits,Snacks,Snacks & Biscuits,Sunfeast,98.0,20,1077,4.0,21.59,33.62,No,518,2021-12-21,0.45,801.0,2026-01-18,78.4,235.20000000000002
TXN-208B33E7,2026-01-10,CUST016,P00610,1,51-65,O,Lays Banana Chips,Snacks,Snacks & Biscuits,Lays,139.0,5,751,4.3,15.47,36.07,No,531,2023-01-12,0.63,733.0,2026-01-18,132.05,132.05
TXN-208B33E7,2026-01-10,CUST016,P00310,2,51-65,O,Ferrero Soan Papdi,Snacks,Chocolates & Sweets,Ferrero,150.0,5,315,3.7,28.23,28.39,No,508,2021-07-05,0.97,730.0,2026-01-18,142.5,285.0
TXN-CDDF3FB0,2026-01-11,CUST002,P00067,2,36-50,F,Dettol Toilet Cleaner,Household,Cleaning & Laundry,Dettol,533.0,10,523,4.9,2.92,30.68,No,281,2021-03-01,0.76,886.0,2026-01-18,479.7,959.4
TXN-CDDF3FB0,2026-01-11,CUST002,P00831,1,36-50,F,Pears Body Wash,Personal Care,Bath & Body,Pears,193.0,15,374,3.7,26.01,30.53,No,583,2021-03-21,,,,164.05,164.05
TXN-EDAFFFDD,2026-01-11,CUST018,P00504,3,19-35,O,Real Diet Soft Drink,Beverages,Cold Drinks & Juices,Real,25.0,20,1016,4.3,14.63,37.0,No,473,2021-07-20,,,,20.0,60.0
TXN-EDAFFFDD,2026-01-11,CUST018,P00911,3,19-35,O,Surf Excel Toilet Cleaner,Household,Cleaning & Laundry,Surf Excel,213.0,15,767,4.3,15.07,36.4,No,407,2021-08-31,,,,181.05,543.1500000000001
TXN-C867AA66,2026-01-12,CUST008,P00434,2,51-65,F,Pepsi Apple Juice,Beverages,Cold Drinks & Juices,Pepsi,57.0,0,716,4.5,10.21,32.95,No,376,2021-05-27,,,,57.0,114.0
TXN-C867AA66,2026-01-12,CUST008,P00174,1,51-65,F,Saffola Coconut Oil,Staples,Edible Oils & Ghee,Saffola,442.0,10,665,4.0,22.87,35.81,No,485,2021-04-05,0.64,813.0,2026-01-18,397.8,397.8
TXN-BD45ED34,2026-01-12,CUST013,P00907,2,36-50,O,Santoor Bath Soap,Personal Care,Bath & Body,Santoor,56.0,0,162,3.5,31.12,27.75,No,505,2021-11-17,,,,56.0,112.0
TXN-BD45ED34,2026-01-12,CUST013,P00201,1,36-50,O,Sprite Diet Soft Drink,Beverages,Cold Drinks & Juices,Sprite,75.0,15,651,4.7,7.0,25.64,No,195,2021-03-09,0.52,836.0,2026-01-18,63.75,63.75
TXN-BDD064FC,2026-01-13,CUST015,P00382,2,19-35,M,Dhara Groundnut Oil,Staples,Edible Oils & Ghee,Dhara,229.0,15,585,3.3,36.28,36.52,No,450,2022-01-26,,,,194.65,389.3
TXN-7C74201F,2026-01-14,CUST026,P00887,1,19-35,F,Emami Healthy & Tasty Coconut Oil,Staples,Edible Oils & Ghee,Emami Healthy & Tasty,169.0,15,343,4.0,20.51,35.57,No,249,2021-07-27,0.19,645.0,2026-01-18,143.65,143.65
TXN-7C74201F,2026-01-14,CUST026,P00754,2,19-35,F,Vim Detergent Liquid,Household,Cleaning & Laundry,Vim,547.0,10,594,4.6,10.38,34.13,No,359,2022-04-30,,,,492.3,984.6
TXN-1842BE4B,2026-01-14,CUST028,P00028,3,19-35,M,Sundrop Desi Ghee,Staples,Edible Oils & Ghee,Sundrop,389.0,20,924,4.3,14.02,27.74,No,486,2023-09-20,0.44,852.0,2026-01-18,311.2,933.5999999999999
TXN-1842BE4B,2026-01-14,CUST028,P00491,3,19-35,M,Real Diet Soft Drink,Beverages,Cold Drinks & Juices,Real,104.0,20,961,4.1,20.09,30.82,No,291,2023-03-16,0.33,817.0,2026-01-18,83.2,249.60000000000002
TXN-1842BE4B,2026-01-14,CUST028,P00177,1,19-35,M,Nestle Ladoo,Snacks,Chocolates & Sweets,Nestle,327.0,20,827,3.7,26.33,28.89,No,425,2021-05-11,0.43,753.0,2026-01-18,261.6,261.6
TXN-1842BE4B,2026-01-14,CUST028,P00667,1,19-35,M,Real Mixed Fruit Juice,Beverages,Cold Drinks & Juices,Real,120.0,0,668,3.2,37.89,29.3,No,605,2022-10-12,0.57,402.0,2026-01-18,120.0,120.0
TXN-1842BE4B,2026-01-14,CUST028,P00685,2,19-35,M,Mars Dark Chocolate,Snacks,Chocolates & Sweets,Mars,111.0,10,465,4.3,15.06,39.29,No,307,2022-07-08,0.85,992.0,2026-01-18,99.9,199.8
TXN-7B67934B,2026-01-15,CUST015,P00485,2,19-35,M,Pears Body Lotion,Personal Care,Bath & Body,Pears,198.0,15,366,4.3,14.35,38.03,No,387,2020-01-08,0.88,489.0,2026-01-18,168.3,336.6
TXN-7B67934B,2026-01-15,CUST015,P00660,2,19-35,M,Continental Tea Powder,Beverages,Tea & Coffee,Continental,682.0,10,338,3.6,28.25,32.45,No,296,2023-09-16,,,,613.8,1227.6
TXN-D923AAC3,2026-01-15,CUST017,P00118,2,51-65,M,Red Label Masala Tea,Beverages,Tea & Coffee,Red Label,514.0,0,340,3.5,32.84,33.1,No,550,2020-06-29,0.63,255.0,2026-01-18,514.0,1028.0
TXN-D923AAC3,2026-01-15,CUST017,P00902,3,51-65,M,Dodla Flavoured Milk,Fresh,Dairy & Eggs,Dodla,135.0,15,1246,3.8,25.63,32.16,Yes,10,2020-08-20,,,,114.75,344.25
TXN-D923AAC3,2026-01-15,CUST017,P00840,1,51-65,M,Tide Fabric Softener,Household,Cleaning & Laundry,Tide,367.0,0,316,4.9,2.74,27.69,No,383,2022-08-28,,,,367.0,367.0
TXN-D923AAC3,2026-01-15,CUST017,P00891,1,51-65,M,Lifebuoy Shampoo,Personal Care,Bath & Body,Lifebuoy,93.0,10,505,3.5,31.2,38.9,No,577,2022-08-04,,,,83.7,83.7
TXN-5FBB8324,2026-01-16,CUST027,P00275,1,36-50,F,FreshBasket Cabbage,Fresh,Fruits & Vegetables,FreshBasket,100.0,15,1062,4.1,20.89,36.89,Yes,9,2022-08-06,,,,85.0,85.0
TXN-5FBB8324,2026-01-16,CUST027,P00179,2,36-50,F,Freedom Olive Oil,Staples,Edible Oils & Ghee,Freedom,568.0,5,661,4.8,4.96,30.31,No,271,2023-08-28,0.4,913.0,2026-01-18,539.6,1079.2
TXN-1DD131A2,2026-01-17,CUST001,P00295,1,51-65,O,Closeup Toothbrush,Personal Care,Oral Care,Closeup,176.0,15,409,4.1,18.3,32.81,No,410,2020-11-29,,,,149.6,149.6
TXN-1DD131A2,2026-01-17,CUST001,P00154,2,51-65,O,Tata Sampann Sona Masoori Rice,Staples,"Atta, Rice & Dal",Tata Sampann,171.0,15,341,3.8,25.72,32.99,No,312,2023-06-07,0.15,403.0,2026-01-18,145.35,290.7
TXN-9D848AFF,2026-01-17,CUST007,P00622,2,51-65,M,Lux Talcum Powder,Personal Care,Bath & Body,Lux,279.0,10,471,4.6,10.56,26.4,No,241,2022-12-05,0.7,263.0,2026-01-18,251.1,502.2
TXN-9D848AFF,2026-01-17,CUST007,P00485,3,51-65,M,Pears Body Lotion,Personal Care,Bath & Body,Pears,198.0,15,366,4.3,14.35,38.03,No,387,2020-01-08,0.88,489.0,2026-01-18,168.3,504.90000000000003
TXN-9D848AFF,2026-01-17,CUST007,P00159,3,51-65,M,Colgate Electric Toothbrush,Personal Care,Oral Care,Colgate,57.0,0,178,4.8,6.31,36.04,No,395,2023-03-17,0.71,807.0,2026-01-18,57.0,171.0
TXN-9D848AFF,2026-01-17,CUST007,P00352,1,51-65,M,Santoor Talcum Powder,Personal Care,Bath & Body,Santoor,298.0,5,413,3.2,38.21,31.7,No,623,2023-04-13,0.35,449.0,2026-01-18,283.1,283.1
TXN-9D848AFF,2026-01-17,CUST007,P00892,1,51-65,M,Santoor Hand Wash,Personal Care,Bath & Body,Santoor,279.0,20,456,3.4,32.54,38.38,No,586,2022-06-06,,,,223.2,223.2
TXN-F401CA62,2026-01-17,CUST021,P00689,1,36-50,F,Dabur Red Electric Toothbrush,Personal Care,Oral Care,Dabur Red,182.0,15,333,4.2,17.91,25.05,No,681,2024-02-07,,,,154.7,154.7
TXN-F401CA62,2026-01-17,CUST021,P00071,1,36-50,F,Colgate Dental Floss,Personal Care,Oral Care,Colgate,169.0,10,442,4.8,5.5,32.59,No,262,2023-05-09,0.93,76.0,2026-01-18,152.1,152.1
TXN-F401CA62,2026-01-17,CUST021,P00396,2,36-50,F,Dabur Red Mouthwash,Personal Care,Oral Care,Dabur Red,158.0,20,454,4.2,18.98,34.04,No,388,2022-04-26,,,,126.4,252.8
TXN-F401CA62,2026-01-17,CUST021,P00377,2,36-50,F,Prestige Garbage Bags,Household,Kitchen Essentials,Prestige,126.0,0,349,3.6,28.66,28.9,No,626,2021-07-20,0.37,995.0,2026-01-18,126.0,252.0
