product_id,product_name,super_category,category,brand,base_price,discount_percent,monthly_sales_volume,avg_rating,return_rate_percent,profit_margin_percent,is_perishable,shelf_life_days,launch_date
P00001,Fiama Bath Soap,Personal Care,Bath & Body,Fiama,180,5,298,3.4,32.31,28.89,No,269,2023-04-24
P00002,Pepsi Soft Drink,Beverages,Cold Drinks & Juices,Pepsi,75,5,1109,4.2,17.68,29.25,No,609,2021-03-27
P00003,Tata Tea Coffee Beans,Beverages,Tea & Coffee,Tata Tea,263,15,473,3.7,26.65,28.55,No,284,2020-07-08
P00004,Tropicana Apple Juice,Beverages,Cold Drinks & Juices,Tropicana,87,0,1377,4.0,20.37,26.16,No,260,2023-02-04
P00005,Mars Ladoo,Snacks,Chocolates & Sweets,Mars,121,0,806,3.6,28.87,38.8,No,418,2020-07-25
P00006,Nescafe Herbal Tea,Beverages,Tea & Coffee,Nescafe,266,10,469,3.6,28.8,25.95,No,253,2023-06-01
P00007,Lux Conditioner,Personal Care,Bath & Body,Lux,276,15,301,4.9,3.92,31.64,No,512,2020-04-24
P00008,Patanjali Toor Dal,Staples,"Atta, Rice & Dal",Patanjali,187,0,622,4.8,5.7,29.23,No,397,2023-09-04
P00009,Continental Filter Coffee,Beverages,Tea & Coffee,Continental,246,10,271,3.6,29.68,36.06,No,618,2023-04-10
P00010,Brooke Bond Green Tea,Beverages,Tea & Coffee,Brooke Bond,621,15,175,4.5,12.58,37.71,No,343,2023-10-25
P00011,Paper Boat Energy Drink,Beverages,Cold Drinks & Juices,Paper Boat,139,20,594,4.9,4.58,39.83,No,297,2023-10-28
P00012,Pigeon Food Storage Bags,Household,Kitchen Essentials,Pigeon,97,10,512,3.5,30.01,29.16,No,449,2022-10-22
P00013,Daawat Rajma,Staples,"Atta, Rice & Dal",Daawat,480,20,505,3.5,32.29,31.91,No,180,2023-05-11
P00014,Cadbury Chocolate Bar,Snacks,Chocolates & Sweets,Cadbury,421,10,345,3.3,36.63,25.8,No,267,2024-02-07
P00015,Thums Up Fruit Juice,Beverages,Cold Drinks & Juices,Thums Up,141,20,461,3.7,28.62,33.65,No,396,2023-01-09
P00016,Santoor Face Wash,Personal Care,Bath & Body,Santoor,231,15,526,4.0,20.74,39.04,No,201,2023-04-19
P00017,Surf Excel Dishwash Liquid,Household,Cleaning & Laundry,Surf Excel,152,0,345,3.3,34.09,35.05,No,706,2021-05-02
P00018,Haldirams Ladoo,Snacks,Chocolates & Sweets,Haldirams,185,20,803,4.0,22.35,27.89,No,374,2020-07-12
P00019,Aavin Fresh Cream,Fresh,Dairy & Eggs,Aavin,135,15,2167,4.4,14.02,25.24,Yes,6,2020-05-04
P00020,Red Label Coffee Beans,Beverages,Tea & Coffee,Red Label,354,5,285,4.1,18.42,37.25,No,653,2021-05-26
P00021,Mother Dairy Brown Eggs,Fresh,Dairy & Eggs,Mother Dairy,42,20,2609,3.2,36.28,28.69,Yes,8,2020-12-06
P00022,Wagh Bakri Herbal Tea,Beverages,Tea & Coffee,Wagh Bakri,510,0,225,3.8,26.96,36.02,No,645,2021-08-07
P00023,Wagh Bakri Green Tea,Beverages,Tea & Coffee,Wagh Bakri,403,5,167,4.2,17.63,28.78,No,238,2020-04-12
P00024,Milton Kitchen Towels,Household,Kitchen Essentials,Milton,120,0,520,3.3,34.56,31.08,No,420,2022-04-06
P00025,NaturePick Garlic,Fresh,Fruits & Vegetables,NaturePick,30,20,1211,3.9,23.75,32.17,Yes,9,2021-02-22
P00026,Sensodyne Toothbrush,Personal Care,Oral Care,Sensodyne,151,5,360,4.0,22.79,25.97,No,189,2022-07-27
P00027,Tide Detergent Liquid,Household,Cleaning & Laundry,Tide,598,10,185,4.8,6.64,26.81,No,558,2021-08-06
P00028,Sundrop Desi Ghee,Staples,Edible Oils & Ghee,Sundrop,389,20,924,4.3,14.02,27.74,No,486,2023-09-20
P00029,LocalFarm Carrot,Fresh,Fruits & Vegetables,LocalFarm,47,20,1456,3.7,27.81,29.23,Yes,8,2023-11-08
P00030,Closeup Electric Toothbrush,Personal Care,Oral Care,Closeup,114,0,199,4.3,16.49,39.34,No,521,2020-09-24
P00031,Oral-B Toothbrush,Personal Care,Oral Care,Oral-B,163,20,503,4.2,16.34,25.82,No,332,2023-01-22
P00032,Nandini White Eggs,Fresh,Dairy & Eggs,Nandini,140,5,633,3.7,28.7,28.06,Yes,5,2022-01-02
P00033,Fortune Rajma,Staples,"Atta, Rice & Dal",Fortune,231,20,1070,4.9,4.25,26.11,No,422,2020-11-28
P00034,Dhara Sunflower Oil,Staples,Edible Oils & Ghee,Dhara,420,15,863,4.3,16.21,36.28,No,343,2023-12-07
P00035,Dodla Milk,Fresh,Dairy & Eggs,Dodla,86,5,2127,4.8,5.05,27.7,Yes,8,2021-04-01
P00036,Organic India Lady Finger,Fresh,Fruits & Vegetables,Organic India,91,0,1471,3.8,25.53,29.8,Yes,13,2021-11-09
P00037,FarmFresh Carrot,Fresh,Fruits & Vegetables,FarmFresh,87,0,955,4.2,17.04,28.21,Yes,11,2023-05-26
P00038,Tide Toilet Cleaner,Household,Cleaning & Laundry,Tide,340,0,676,3.9,23.56,27.9,No,381,2022-01-15
P00040,Patanjali Moong Dal,Staples,"Atta, Rice & Dal",Patanjali,396,5,1040,3.7,27.64,39.99,No,473,2021-03-06
P00041,Continental Herbal Tea,Beverages,Tea & Coffee,Continental,552,5,479,4.0,22.7,28.06,No,353,2023-09-11
P00042,Country Delight Brown Eggs,Fresh,Dairy & Eggs,Country Delight,53,5,1976,3.7,28.42,37.79,Yes,5,2021-05-16
P00043,Paper Boat Iced Tea,Beverages,Cold Drinks & Juices,Paper Boat,69,15,1199,3.9,22.44,29.68,No,289,2022-05-20
P00044,24 Mantra Chickpeas,Staples,"Atta, Rice & Dal",24 Mantra,75,20,883,4.8,4.36,38.0,No,655,2023-09-29
P00045,Milton Paper Towels,Household,Kitchen Essentials,Milton,298,15,446,4.0,20.48,27.08,No,640,2021-06-14
P00046,Emami Healthy & Tasty Desi Ghee,Staples,Edible Oils & Ghee,Emami Healthy & Tasty,576,5,340,3.9,24.14,36.48,No,523,2021-10-16
P00047,Rin Fabric Softener,Household,Cleaning & Laundry,Rin,316,15,760,3.5,30.64,33.78,No,518,2023-01-16
P00048,Wagh Bakri Tea Powder,Beverages,Tea & Coffee,Wagh Bakri,530,15,584,4.8,4.06,26.79,No,569,2022-09-03
P00049,Aavin Cheese,Fresh,Dairy & Eggs,Aavin,248,15,1217,4.5,11.64,30.95,Yes,8,2022-09-26
P00050,Freedom Rice Bran Oil,Staples,Edible Oils & Ghee,Freedom,109,15,616,4.3,16.39,29.14,No,658,2020-09-18
P00051,Surf Excel Toilet Cleaner,Household,Cleaning & Laundry,Surf Excel,165,15,287,4.7,6.55,36.1,No,515,2021-03-09
P00052,Bru Masala Tea,Beverages,Tea & Coffee,Bru,384,15,356,4.6,9.41,28.77,No,233,2021-12-17
P00053,Aashirvaad Rajma,Staples,"Atta, Rice & Dal",Aashirvaad,436,0,524,3.5,30.06,37.71,No,309,2022-08-27
P00054,Santoor Conditioner,Personal Care,Bath & Body,Santoor,171,10,267,4.2,18.89,29.22,No,347,2021-09-29
P00055,NaturePick Cucumber,Fresh,Fruits & Vegetables,NaturePick,116,15,1246,3.3,36.07,30.59,Yes,6,2023-11-28
P00056,Britannia Roasted Peanuts,Snacks,Snacks & Biscuits,Britannia,108,20,1161,4.3,14.21,30.29,No,192,2022-05-10
P00057,Tropicana Energy Drink,Beverages,Cold Drinks & Juices,Tropicana,137,5,786,3.5,31.57,30.24,No,675,2022-08-10
P00058,Wagh Bakri Masala Tea,Beverages,Tea & Coffee,Wagh Bakri,188,10,588,3.6,29.39,30.85,No,568,2021-11-19
P00059,Nandini Fresh Cream,Fresh,Dairy & Eggs,Nandini,154,5,1117,4.6,9.02,26.79,Yes,9,2023-02-12
P00060,FarmFresh Orange,Fresh,Fruits & Vegetables,FarmFresh,124,15,1337,4.4,13.94,32.64,Yes,5,2020-07-09
P00061,Sunfeast Digestive Biscuits,Snacks,Snacks & Biscuits,Sunfeast,98,20,1077,4.0,21.59,33.62,No,518,2021-12-21
P00062,Sensodyne Mouthwash,Personal Care,Oral Care,Sensodyne,114,5,232,4.4,12.95,28.86,No,369,2021-01-27
P00063,Patanjali Mustard Oil,Staples,Edible Oils & Ghee,Patanjali,369,0,830,3.5,30.68,37.31,No,194,2023-12-21
P00064,Surf Excel Dishwash Bar,Household,Cleaning & Laundry,Surf Excel,135,20,473,4.4,12.38,26.97,No,682,2020-07-29
P00065,Dodla Ghee,Fresh,Dairy & Eggs,Dodla,142,10,898,4.8,4.76,27.08,Yes,6,2020-05-13
P00066,Tata Tea Tea Powder,Beverages,Tea & Coffee,Tata Tea,255,5,645,4.8,4.26,36.28,No,606,2023-05-26
P00067,Dettol Toilet Cleaner,Household,Cleaning & Laundry,Dettol,533,10,523,4.9,2.92,30.68,No,281,2021-03-01
P00068,Fiama Face Wash,Personal Care,Bath & Body,Fiama,81,5,366,3.5,30.23,39.96,No,641,2023-11-12
P00069,Scotch-Brite Garbage Bags,Household,Kitchen Essentials,Scotch-Brite,158,10,331,4.4,13.36,29.69,No,450,2023-07-04
P00070,Ariel Toilet Cleaner,Household,Cleaning & Laundry,Ariel,310,5,348,4.6,8.21,37.51,No,494,2023-05-03
P00071,Colgate Dental Floss,Personal Care,Oral Care,Colgate,169,10,442,4.8,5.5,32.59,No,262,2023-05-09
P00072,Milky Mist Fresh Cream,Fresh,Dairy & Eggs,Milky Mist,36,0,1100,4.8,6.51,31.36,Yes,5,2023-10-08
P00073,Lays Namkeen Mix,Snacks,Snacks & Biscuits,Lays,152,15,755,3.5,31.76,30.48,No,683,2020-07-05
P00075,Country Delight Curd,Fresh,Dairy & Eggs,Country Delight,94,10,859,4.8,5.21,32.28,Yes,5,2023-09-08
P00076,Scotch-Brite Paper Towels,Household,Kitchen Essentials,Scotch-Brite,136,20,446,4.3,15.5,33.37,No,232,2021-02-20
P00077,Lays Cream Biscuits,Snacks,Snacks & Biscuits,Lays,198,15,438,3.2,37.89,28.01,No,342,2021-09-28
P00079,Closeup Dental Floss,Personal Care,Oral Care,Closeup,170,5,467,4.1,19.15,26.17,No,700,2020-10-06
P00080,Country Delight Buttermilk,Fresh,Dairy & Eggs,Country Delight,231,20,911,4.6,8.85,35.52,Yes,14,2023-04-02
P00081,Closeup Toothbrush,Personal Care,Oral Care,Closeup,187,15,394,3.8,26.29,34.34,No,509,2021-01-21
P00082,Lux Body Lotion,Personal Care,Bath & Body,Lux,250,0,316,4.5,12.12,27.83,No,575,2023-09-21
P00083,Dove Talcum Powder,Personal Care,Bath & Body,Dove,104,20,753,3.8,24.3,27.33,No,282,2022-12-13
P00084,Paper Boat Fruit Juice,Beverages,Cold Drinks & Juices,Paper Boat,59,0,1062,4.5,10.8,30.64,No,587,2023-08-23
P00085,Aavin Flavoured Milk,Fresh,Dairy & Eggs,Aavin,111,15,2289,4.1,19.85,36.48,Yes,9,2021-04-10
P00086,Dove Body Lotion,Personal Care,Bath & Body,Dove,91,15,314,4.4,14.71,39.31,No,237,2021-08-23
P00087,Nestle Rasgulla,Snacks,Chocolates & Sweets,Nestle,300,20,576,4.2,18.38,37.45,No,260,2023-06-02
P00088,Thums Up Iced Tea,Beverages,Cold Drinks & Juices,Thums Up,79,15,1419,3.6,28.77,39.86,No,656,2021-08-12
P00089,Santoor Body Wash,Personal Care,Bath & Body,Santoor,216,20,376,4.3,15.27,36.25,No,489,2021-02-11
P00091,Reliance Fresh Ginger,Fresh,Fruits & Vegetables,Reliance Fresh,147,10,1143,4.2,17.06,30.45,Yes,14,2021-05-28
P00092,Fiama Body Wash,Personal Care,Bath & Body,Fiama,60,10,597,3.3,35.09,38.03,No,482,2021-10-31
P00093,Pepsodent Toothbrush,Personal Care,Oral Care,Pepsodent,83,20,527,4.1,20.74,27.54,No,443,2022-09-13
P00094,Ferrero Dark Chocolate,Snacks,Chocolates & Sweets,Ferrero,127,5,925,4.8,6.58,29.13,No,586,2023-02-15
P00095,Britannia Digestive Biscuits,Snacks,Snacks & Biscuits,Britannia,87,20,625,4.0,22.02,29.92,No,570,2023-07-31
P00096,Lays Bhujia,Snacks,Snacks & Biscuits,Lays,26,20,1703,3.8,25.83,30.27,No,655,2023-12-06
P00097,Nestle Dark Chocolate,Snacks,Chocolates & Sweets,Nestle,96,0,478,4.9,2.35,36.48,No,318,2022-03-06
P00098,Bru Filter Coffee,Beverages,Tea & Coffee,Bru,258,15,783,3.4,33.47,33.88,No,466,2020-03-08
P00100,Red Label Green Tea,Beverages,Tea & Coffee,Red Label,565,0,560,3.6,29.92,25.43,No,231,2021-11-14
P00101,India Gate Urad Dal,Staples,"Atta, Rice & Dal",India Gate,85,20,782,4.2,18.44,36.51,No,331,2023-05-05
P00102,Nandini Butter,Fresh,Dairy & Eggs,Nandini,168,10,1843,3.5,31.98,39.61,Yes,5,2022-01-03
P00104,Sunfeast Cookies,Snacks,Snacks & Biscuits,Sunfeast,177,0,1220,4.5,12.6,32.18,No,649,2023-08-10
P00105,FreshBasket Spinach,Fresh,Fruits & Vegetables,FreshBasket,129,0,1842,4.4,13.33,26.51,Yes,10,2023-05-30
P00106,Daawat Basmati Rice,Staples,"Atta, Rice & Dal",Daawat,369,20,1163,4.4,13.14,31.04,No,481,2022-07-18
P00107,Scotch-Brite Aluminium Foil,Household,Kitchen Essentials,Scotch-Brite,150,15,503,4.7,7.24,27.59,No,588,2022-05-01
P00108,Santoor Hand Wash,Personal Care,Bath & Body,Santoor,200,10,422,4.8,6.06,32.89,No,273,2020-06-23
P00110,Amul Chocolate Bar,Snacks,Chocolates & Sweets,Amul,369,10,249,4.2,16.64,30.15,No,409,2020-08-09
P00111,Amul Dark Chocolate,Snacks,Chocolates & Sweets,Amul,281,15,969,4.2,18.3,30.67,No,206,2023-06-01
P00112,Pepsodent Toothpaste,Personal Care,Oral Care,Pepsodent,119,10,434,3.8,24.54,37.85,No,590,2020-05-22
P00113,India Gate Multigrain Atta,Staples,"Atta, Rice & Dal",India Gate,242,15,1109,3.8,25.11,29.18,No,266,2020-04-17
P00114,Aashirvaad Urad Dal,Staples,"Atta, Rice & Dal",Aashirvaad,395,0,586,4.0,21.27,30.89,No,604,2021-07-13
P00116,Emami Healthy & Tasty Groundnut Oil,Staples,Edible Oils & Ghee,Emami Healthy & Tasty,220,10,503,3.8,24.02,28.8,No,359,2020-09-21
P00117,Pepsi Apple Juice,Beverages,Cold Drinks & Juices,Pepsi,121,0,808,3.2,38.76,27.07,No,619,2023-03-20
P00118,Red Label Masala Tea,Beverages,Tea & Coffee,Red Label,514,0,340,3.5,32.84,33.1,No,550,2020-06-29
P00119,Paper Boat Mixed Fruit Juice,Beverages,Cold Drinks & Juices,Paper Boat,122,20,360,3.9,22.93,34.91,No,521,2020-12-10
P00120,NaturePick Coriander,Fresh,Fruits & Vegetables,NaturePick,69,10,1972,4.4,14.46,27.77,Yes,8,2020-07-29
P00121,Dhara Groundnut Oil,Staples,Edible Oils & Ghee,Dhara,236,0,363,4.8,5.88,33.04,No,639,2023-10-26
P00123,Dettol Dishwash Bar,Household,Cleaning & Laundry,Dettol,542,0,132,3.8,24.86,30.33,No,272,2023-06-13
P00126,Saffola Mustard Oil,Staples,Edible Oils & Ghee,Saffola,476,15,797,3.8,25.79,28.16,No,522,2020-05-14
P00127,Kurkure Popcorn,Snacks,Snacks & Biscuits,Kurkure,92,10,1658,4.6,10.89,30.96,No,333,2021-11-13
P00128,Organic India Brinjal,Fresh,Fruits & Vegetables,Organic India,120,5,811,3.7,27.13,28.12,Yes,7,2023-10-04
P00129,Patanjali Body Lotion,Personal Care,Bath & Body,Patanjali,225,0,364,3.7,28.85,34.88,No,677,2021-01-28
P00130,Fortune Basmati Rice,Staples,"Atta, Rice & Dal",Fortune,201,0,1123,4.5,12.51,26.75,No,218,2023-09-17
P00131,Kurkure Roasted Peanuts,Snacks,Snacks & Biscuits,Kurkure,59,5,706,4.6,10.31,27.86,No,349,2024-01-16
P00133,B Natural Apple Juice,Beverages,Cold Drinks & Juices,B Natural,138,10,738,4.1,19.26,37.57,No,384,2023-05-23
P00134,Patanjali Sunflower Oil,Staples,Edible Oils & Ghee,Patanjali,572,10,545,4.8,6.13,32.26,No,307,2021-08-06
P00135,FreshBasket Carrot,Fresh,Fruits & Vegetables,FreshBasket,57,15,1115,4.8,4.67,33.23,Yes,10,2020-02-24
P00137,24 Mantra Brown Rice,Staples,"Atta, Rice & Dal",24 Mantra,406,5,884,4.0,20.02,38.81,No,442,2021-03-17
P00138,Emami Healthy & Tasty Sunflower Oil,Staples,Edible Oils & Ghee,Emami Healthy & Tasty,375,5,435,3.4,32.72,30.42,No,648,2020-05-08
P00139,Amul White Eggs,Fresh,Dairy & Eggs,Amul,191,20,1511,3.6,28.43,33.56,Yes,14,2021-12-23
P00140,Patanjali Groundnut Oil,Staples,Edible Oils & Ghee,Patanjali,167,20,638,3.3,35.58,32.39,No,699,2023-02-08
P00141,Amul Ghee,Fresh,Dairy & Eggs,Amul,192,15,1135,3.6,28.05,28.17,Yes,10,2021-05-08
P00142,Lux Hand Wash,Personal Care,Bath & Body,Lux,62,10,702,3.8,25.93,27.55,No,655,2023-11-25
P00143,Pepsi Fruit Juice,Beverages,Cold Drinks & Juices,Pepsi,137,0,571,3.5,32.37,26.72,No,503,2021-09-27
P00144,Prestige Kitchen Towels,Household,Kitchen Essentials,Prestige,169,0,228,3.7,28.59,39.28,No,519,2021-07-13
P00145,Aavin Buttermilk,Fresh,Dairy & Eggs,Aavin,220,15,1082,3.8,24.56,29.62,Yes,10,2022-11-29
P00146,Parle Digestive Biscuits,Snacks,Snacks & Biscuits,Parle,130,20,660,4.1,18.96,38.8,No,482,2021-09-19
P00147,Continental Green Tea,Beverages,Tea & Coffee,Continental,459,15,159,4.4,14.73,30.78,No,625,2021-07-16
P00150,Continental Masala Tea,Beverages,Tea & Coffee,Continental,178,20,302,4.1,19.19,30.26,No,435,2020-08-20
P00151,NaturePick Spinach,Fresh,Fruits & Vegetables,NaturePick,119,20,1015,3.6,28.78,33.3,Yes,14,2021-08-07
P00152,Colgate Toothbrush,Personal Care,Oral Care,Colgate,84,0,529,3.5,32.14,25.04,No,507,2023-09-29
P00153,Bingo Popcorn,Snacks,Snacks & Biscuits,Bingo,96,5,1560,4.4,14.1,37.39,No,550,2022-11-07
P00154,Tata Sampann Sona Masoori Rice,Staples,"Atta, Rice & Dal",Tata Sampann,171,15,341,3.8,25.72,32.99,No,312,2023-06-07
P00155,FreshBasket Cucumber,Fresh,Fruits & Vegetables,FreshBasket,142,20,1788,4.5,12.47,38.89,Yes,10,2023-08-08
P00156,Country Delight Ghee,Fresh,Dairy & Eggs,Country Delight,62,20,2100,4.2,18.3,38.06,Yes,13,2020-04-23
P00157,FarmFresh Cucumber,Fresh,Fruits & Vegetables,FarmFresh,61,10,1558,3.8,26.82,26.57,Yes,6,2021-05-28
P00159,Colgate Electric Toothbrush,Personal Care,Oral Care,Colgate,57,0,178,4.8,6.31,36.04,No,395,2023-03-17
P00160,Real Iced Tea,Beverages,Cold Drinks & Juices,Real,97,15,665,4.6,10.05,35.54,No,254,2023-11-11
P00161,FreshBasket Cabbage,Fresh,Fruits & Vegetables,FreshBasket,143,15,1132,3.8,24.43,27.08,Yes,10,2021-12-08
P00164,Tata Tea Herbal Tea,Beverages,Tea & Coffee,Tata Tea,192,15,665,4.0,20.72,31.25,No,229,2020-04-13
P00165,Amul Kaju Katli,Snacks,Chocolates & Sweets,Amul,599,0,640,3.4,32.4,36.03,No,554,2022-04-05
P00167,Parle Namkeen Mix,Snacks,Snacks & Biscuits,Parle,120,10,897,4.1,19.1,37.83,No,701,2022-04-02
P00168,Surf Excel Detergent Powder,Household,Cleaning & Laundry,Surf Excel,220,10,585,4.1,18.45,26.6,No,323,2021-11-02
P00169,Prestige Cling Wrap,Household,Kitchen Essentials,Prestige,193,20,382,4.1,19.53,32.65,No,486,2022-08-30
P00170,Mother Dairy Fresh Cream,Fresh,Dairy & Eggs,Mother Dairy,136,20,1207,4.6,10.18,29.68,Yes,5,2023-05-07
P00171,Wagh Bakri Filter Coffee,Beverages,Tea & Coffee,Wagh Bakri,152,20,678,3.5,31.89,30.7,No,569,2020-10-29
P00172,Patanjali Bath Soap,Personal Care,Bath & Body,Patanjali,96,5,153,3.9,23.26,33.8,No,388,2022-04-20
P00173,Scotch-Brite Food Storage Bags,Household,Kitchen Essentials,Scotch-Brite,110,20,308,4.2,18.99,32.83,No,565,2021-10-04
P00174,Saffola Coconut Oil,Staples,Edible Oils & Ghee,Saffola,442,10,665,4.0,22.87,35.81,No,485,2021-04-05
P00177,Nestle Ladoo,Snacks,Chocolates & Sweets,Nestle,327,20,827,3.7,26.33,28.89,No,425,2021-05-11
P00178,LocalFarm Potato,Fresh,Fruits & Vegetables,LocalFarm,45,15,2121,4.4,12.3,28.44,Yes,5,2023-02-01
P00179,Freedom Olive Oil,Staples,Edible Oils & Ghee,Freedom,568,5,661,4.8,4.96,30.31,No,271,2023-08-28
P00180,Rin Detergent Powder,Household,Cleaning & Laundry,Rin,507,5,128,4.9,3.19,32.57,No,476,2020-03-17
P00181,Mother Dairy White Eggs,Fresh,Dairy & Eggs,Mother Dairy,115,10,1436,4.9,3.63,32.59,Yes,7,2022-10-29
P00183,Harpic Fabric Softener,Household,Cleaning & Laundry,Harpic,517,20,368,3.3,36.01,37.23,No,323,2022-09-04
P00184,Bingo Potato Chips,Snacks,Snacks & Biscuits,Bingo,118,5,1044,4.5,12.86,35.47,No,191,2021-06-19
P00186,Heritage Fresh Cream,Fresh,Dairy & Eggs,Heritage,86,5,1505,3.5,32.24,30.92,Yes,11,2023-12-08
P00187,Glad Kitchen Towels,Household,Kitchen Essentials,Glad,166,20,165,4.1,19.58,34.57,No,294,2020-05-06
P00190,Parle Bhujia,Snacks,Snacks & Biscuits,Parle,31,15,1160,4.4,13.62,39.1,No,250,2022-08-24
P00191,Nandini Buttermilk,Fresh,Dairy & Eggs,Nandini,226,5,1505,4.3,16.19,25.54,Yes,10,2022-02-22
P00192,Red Label Herbal Tea,Beverages,Tea & Coffee,Red Label,652,5,534,4.7,6.36,25.11,No,582,2022-12-19
P00193,Aashirvaad Atta,Staples,"Atta, Rice & Dal",Aashirvaad,202,15,1328,3.9,23.14,36.55,No,651,2021-12-09
P00195,Aashirvaad Multigrain Atta,Staples,"Atta, Rice & Dal",Aashirvaad,278,20,359,3.6,28.13,33.42,No,402,2020-04-25
P00197,Vim Toilet Cleaner,Household,Cleaning & Laundry,Vim,361,0,546,4.8,6.64,26.33,No,617,2023-02-12
P00198,Paper Boat Apple Juice,Beverages,Cold Drinks & Juices,Paper Boat,101,15,929,3.5,31.13,28.68,No,664,2021-05-08
P00199,Patanjali Desi Ghee,Staples,Edible Oils & Ghee,Patanjali,227,15,1127,3.3,35.24,33.75,No,317,2022-03-06
P00200,Saffola Groundnut Oil,Staples,Edible Oils & Ghee,Saffola,160,15,1117,3.8,25.61,27.56,No,232,2021-07-03
P00201,Sprite Diet Soft Drink,Beverages,Cold Drinks & Juices,Sprite,75,15,651,4.7,7.0,25.64,No,195,2021-03-09
P00203,Girnar Masala Tea,Beverages,Tea & Coffee,Girnar,468,20,560,4.0,22.41,29.16,No,507,2021-02-20
P00204,Cadbury Rasgulla,Snacks,Chocolates & Sweets,Cadbury,276,5,183,3.6,30.8,31.31,No,607,2021-08-27
P00205,India Gate Toor Dal,Staples,"Atta, Rice & Dal",India Gate,244,20,749,4.0,21.96,29.73,No,443,2022-09-27
P00206,Pepsodent Dental Floss,Personal Care,Oral Care,Pepsodent,237,10,216,3.4,33.64,37.24,No,240,2022-12-09
P00207,LocalFarm Banana,Fresh,Fruits & Vegetables,LocalFarm,125,5,1211,3.3,34.45,36.72,Yes,12,2022-02-03
P00208,Dodla Flavoured Milk,Fresh,Dairy & Eggs,Dodla,34,0,1691,4.1,18.04,32.06,Yes,9,2023-01-02
P00212,Red Label Instant Coffee,Beverages,Tea & Coffee,Red Label,640,0,244,3.6,30.6,26.69,No,666,2021-07-09
P00213,NaturePick Carrot,Fresh,Fruits & Vegetables,NaturePick,28,5,2009,3.2,36.62,37.82,Yes,11,2020-06-06
P00214,Sunfeast Roasted Peanuts,Snacks,Snacks & Biscuits,Sunfeast,165,15,1340,4.7,7.0,28.67,No,323,2023-11-12
P00215,Dove Hand Wash,Personal Care,Bath & Body,Dove,90,15,381,4.6,9.02,28.47,No,586,2021-10-30
P00217,Scotch-Brite Cling Wrap,Household,Kitchen Essentials,Scotch-Brite,82,10,247,3.8,26.35,37.68,No,578,2021-10-10
P00218,Britannia Banana Chips,Snacks,Snacks & Biscuits,Britannia,98,15,1023,4.5,10.31,38.69,No,621,2022-07-08
P00221,Thums Up Diet Soft Drink,Beverages,Cold Drinks & Juices,Thums Up,131,10,816,3.7,28.35,34.58,No,432,2024-01-16
P00222,Dabur Red Electric Toothbrush,Personal Care,Oral Care,Dabur Red,100,15,243,3.4,32.02,34.06,No,569,2021-11-05
P00223,Brooke Bond Herbal Tea,Beverages,Tea & Coffee,Brooke Bond,407,10,635,4.8,4.6,35.29,No,587,2021-10-15
P00224,Amul Ladoo,Snacks,Chocolates & Sweets,Amul,435,10,794,4.5,11.1,26.02,No,384,2023-04-27
P00225,Dettol Detergent Powder,Household,Cleaning & Laundry,Dettol,294,15,403,4.6,8.21,27.28,No,598,2023-10-10
P00226,Sprite Orange Juice,Beverages,Cold Drinks & Juices,Sprite,84,5,1423,3.9,23.13,33.26,No,670,2023-04-07
P00227,Tata Tea Instant Coffee,Beverages,Tea & Coffee,Tata Tea,468,20,644,4.3,14.25,28.47,No,543,2020-12-06
P00228,Lifebuoy Body Lotion,Personal Care,Bath & Body,Lifebuoy,209,15,208,3.2,36.78,32.34,No,711,2023-02-16
P00229,Lizol Bleach,Household,Cleaning & Laundry,Lizol,480,15,643,4.2,17.5,34.83,No,205,2022-09-15
P00230,Mother Dairy Buttermilk,Fresh,Dairy & Eggs,Mother Dairy,59,5,1330,3.7,27.37,36.9,Yes,12,2021-12-14
P00231,B Natural Iced Tea,Beverages,Cold Drinks & Juices,B Natural,101,0,667,3.3,36.13,39.66,No,531,2023-08-20
P00232,NaturePick Potato,Fresh,Fruits & Vegetables,NaturePick,64,20,1399,3.8,25.28,33.06,Yes,11,2023-07-13
P00233,Patanjali Rajma,Staples,"Atta, Rice & Dal",Patanjali,252,0,562,4.0,21.29,39.93,No,399,2021-02-25
P00234,Parle Roasted Peanuts,Snacks,Snacks & Biscuits,Parle,157,5,819,3.8,25.37,36.06,No,681,2022-12-16
P00237,Brooke Bond Instant Coffee,Beverages,Tea & Coffee,Brooke Bond,688,15,396,3.5,31.91,29.6,No,357,2023-02-10
P00238,Dhara Mustard Oil,Staples,Edible Oils & Ghee,Dhara,271,10,983,4.0,20.16,34.62,No,189,2022-09-19
P00239,24 Mantra Moong Dal,Staples,"Atta, Rice & Dal",24 Mantra,259,15,1022,4.4,13.33,37.49,No,211,2021-03-27
P00240,Sunfeast Cream Biscuits,Snacks,Snacks & Biscuits,Sunfeast,157,10,551,4.5,11.7,28.41,No,687,2023-01-30
P00241,Vim Detergent Liquid,Household,Cleaning & Laundry,Vim,455,20,155,4.5,11.32,36.72,No,615,2020-07-28
P00242,Lifebuoy Face Wash,Personal Care,Bath & Body,Lifebuoy,56,15,434,3.8,26.45,33.41,No,300,2021-04-30
P00244,Amul Milk Chocolate,Snacks,Chocolates & Sweets,Amul,349,10,651,3.7,28.57,25.22,No,277,2020-10-04
P00245,Thums Up Orange Juice,Beverages,Cold Drinks & Juices,Thums Up,53,5,534,4.4,14.49,28.58,No,582,2022-09-29
P00248,Dabur Red Toothpaste,Personal Care,Oral Care,Dabur Red,151,5,464,4.6,9.48,35.16,No,470,2021-11-22
P00250,Sprite Energy Drink,Beverages,Cold Drinks & Juices,Sprite,53,10,579,4.7,8.63,38.6,No,549,2021-05-27
P00251,Nandini Flavoured Milk,Fresh,Dairy & Eggs,Nandini,43,15,2066,3.7,28.1,36.49,Yes,6,2023-12-12
P00252,FreshBasket Onion,Fresh,Fruits & Vegetables,FreshBasket,39,5,1608,4.1,19.34,39.87,Yes,10,2020-09-03
P00253,Pepsi Iced Tea,Beverages,Cold Drinks & Juices,Pepsi,78,15,427,4.4,12.31,35.29,No,486,2020-10-07
P00256,Fortune Olive Oil,Staples,Edible Oils & Ghee,Fortune,334,20,779,4.2,17.82,28.31,No,207,2023-09-10
P00257,Sunfeast Popcorn,Snacks,Snacks & Biscuits,Sunfeast,120,10,1414,3.3,36.69,25.68,No,686,2022-03-01
P00258,Reliance Fresh Spinach,Fresh,Fruits & Vegetables,Reliance Fresh,38,20,885,4.9,4.8,38.03,Yes,14,2022-05-11
P00259,Parle Cookies,Snacks,Snacks & Biscuits,Parle,24,20,594,3.2,36.65,26.17,No,587,2022-11-03
P00260,Mars Rasgulla,Snacks,Chocolates & Sweets,Mars,461,0,592,4.1,19.85,35.84,No,497,2020-06-10
P00261,Lizol Fabric Softener,Household,Cleaning & Laundry,Lizol,480,20,630,4.5,11.95,30.35,No,497,2023-12-01
P00262,Sprite Soft Drink,Beverages,Cold Drinks & Juices,Sprite,42,15,534,4.0,21.83,35.36,No,359,2020-09-01
P00263,FarmFresh Apple,Fresh,Fruits & Vegetables,FarmFresh,147,10,1931,4.1,20.47,36.11,Yes,10,2020-09-16
P00264,Colgate Toothpaste,Personal Care,Oral Care,Colgate,135,15,375,4.1,18.79,25.38,No,258,2022-10-13
P00265,Continental Tea Powder,Beverages,Tea & Coffee,Continental,680,5,334,3.5,32.32,26.59,No,298,2021-04-12
P00266,Lifebuoy Bath Soap,Personal Care,Bath & Body,Lifebuoy,46,5,192,4.0,21.15,37.74,No,216,2023-02-06
P00269,Country Delight Milk,Fresh,Dairy & Eggs,Country Delight,81,10,1742,4.5,12.22,36.36,Yes,10,2023-04-26
P00270,Thums Up Mixed Fruit Juice,Beverages,Cold Drinks & Juices,Thums Up,21,15,367,3.6,29.04,27.43,No,189,2021-11-17
P00271,Mother Dairy Cheese,Fresh,Dairy & Eggs,Mother Dairy,82,20,1196,3.9,24.88,25.41,Yes,7,2023-12-28
P00272,Sunfeast Potato Chips,Snacks,Snacks & Biscuits,Sunfeast,153,15,1426,4.7,7.38,28.78,No,277,2022-11-01
P00273,Sundrop Sunflower Oil,Staples,Edible Oils & Ghee,Sundrop,143,15,940,4.8,4.71,36.08,No,502,2022-03-15
P00274,Closeup Mouthwash,Personal Care,Oral Care,Closeup,119,5,190,4.8,4.41,28.45,No,291,2020-11-14
P00276,Haldirams Banana Chips,Snacks,Snacks & Biscuits,Haldirams,195,10,1214,4.4,12.12,27.46,No,515,2020-10-30
P00277,FreshBasket Brinjal,Fresh,Fruits & Vegetables,FreshBasket,32,10,1842,4.6,8.52,25.72,Yes,12,2023-02-12
P00279,Red Label Filter Coffee,Beverages,Tea & Coffee,Red Label,696,20,289,4.8,4.22,25.04,No,382,2023-08-15
P00280,Tropicana Diet Soft Drink,Beverages,Cold Drinks & Juices,Tropicana,51,0,1074,3.3,36.77,33.51,No,584,2022-10-13
P00283,Harpic Detergent Powder,Household,Cleaning & Laundry,Harpic,447,15,555,4.5,11.03,31.51,No,509,2022-03-06
P00284,Balaji Potato Chips,Snacks,Snacks & Biscuits,Balaji,172,5,313,4.7,8.34,39.12,No,663,2022-12-20
P00286,Brooke Bond Coffee Beans,Beverages,Tea & Coffee,Brooke Bond,280,5,660,3.7,28.21,34.62,No,208,2023-12-11
P00288,Coca-Cola Diet Soft Drink,Beverages,Cold Drinks & Juices,Coca-Cola,79,20,684,3.2,37.43,35.03,No,386,2020-09-24
P00289,Britannia Marie Biscuits,Snacks,Snacks & Biscuits,Britannia,25,5,1581,4.4,12.42,38.32,No,718,2022-01-17
P00291,Nescafe Green Tea,Beverages,Tea & Coffee,Nescafe,328,20,310,3.8,26.2,35.58,No,361,2024-02-01
P00294,Heritage Paneer,Fresh,Dairy & Eggs,Heritage,207,0,947,3.6,28.32,39.98,Yes,11,2022-06-16
P00296,Real Soft Drink,Beverages,Cold Drinks & Juices,Real,25,10,840,4.8,4.22,37.44,No,564,2020-11-25
P00297,Pears Body Wash,Personal Care,Bath & Body,Pears,287,0,364,4.8,4.49,26.66,No,340,2020-04-19
P00299,NaturePick Lady Finger,Fresh,Fruits & Vegetables,NaturePick,145,5,652,3.8,25.28,35.58,Yes,14,2022-09-10
P00300,India Gate Atta,Staples,"Atta, Rice & Dal",India Gate,137,10,449,4.0,20.35,28.23,No,662,2022-09-28
P00301,Oral-B Toothpaste,Personal Care,Oral Care,Oral-B,189,15,264,3.8,25.14,37.2,No,225,2021-06-23
P00303,Paper Boat Soft Drink,Beverages,Cold Drinks & Juices,Paper Boat,127,20,1309,4.7,7.42,26.77,No,667,2021-09-04
P00304,Nandini Milk,Fresh,Dairy & Eggs,Nandini,60,15,1067,4.8,4.5,36.82,Yes,8,2020-09-15
P00305,Aavin Curd,Fresh,Dairy & Eggs,Aavin,81,5,2179,4.2,16.96,29.1,Yes,6,2020-06-27
P00306,Nescafe Instant Coffee,Beverages,Tea & Coffee,Nescafe,382,20,561,4.8,4.04,29.49,No,715,2022-05-09
P00308,Amul Rasgulla,Snacks,Chocolates & Sweets,Amul,442,15,620,4.2,16.11,35.87,No,327,2023-06-20
P00309,Prestige Aluminium Foil,Household,Kitchen Essentials,Prestige,209,5,112,4.5,12.76,26.55,No,200,2021-11-22
P00310,Ferrero Soan Papdi,Snacks,Chocolates & Sweets,Ferrero,150,5,315,3.7,28.23,28.39,No,508,2021-07-05
P00311,Oral-B Electric Toothbrush,Personal Care,Oral Care,Oral-B,72,5,553,3.6,30.47,28.89,No,708,2022-02-04
P00312,Organic India Orange,Fresh,Fruits & Vegetables,Organic India,149,15,914,4.5,11.57,31.47,Yes,7,2021-01-29
P00313,Aashirvaad Sona Masoori Rice,Staples,"Atta, Rice & Dal",Aashirvaad,283,0,802,4.4,12.82,27.65,No,697,2022-03-23
P00314,Lux Bath Soap,Personal Care,Bath & Body,Lux,230,15,588,4.0,22.88,32.88,No,538,2021-12-06
P00315,Emami Healthy & Tasty Olive Oil,Staples,Edible Oils & Ghee,Emami Healthy & Tasty,172,10,265,3.9,22.49,31.42,No,399,2021-03-29
P00316,Pears Conditioner,Personal Care,Bath & Body,Pears,249,20,131,4.7,8.9,29.77,No,665,2020-09-27
P00319,Oral-B Mouthwash,Personal Care,Oral Care,Oral-B,77,15,211,3.8,24.83,35.12,No,463,2021-06-18
P00321,24 Mantra Rajma,Staples,"Atta, Rice & Dal",24 Mantra,201,10,1048,3.9,24.21,31.25,No,374,2021-12-03
P00322,Fiama Talcum Powder,Personal Care,Bath & Body,Fiama,223,20,372,4.6,10.52,26.85,No,365,2021-08-24
P00323,Milky Mist Butter,Fresh,Dairy & Eggs,Milky Mist,215,20,1721,4.8,6.84,26.51,Yes,6,2021-03-31
P00324,Kurkure Cream Biscuits,Snacks,Snacks & Biscuits,Kurkure,104,10,798,4.2,17.39,38.23,No,234,2023-07-23
P00325,Tide Bleach,Household,Cleaning & Laundry,Tide,592,0,512,3.8,24.9,39.19,No,334,2020-10-08
P00326,Sundrop Rice Bran Oil,Staples,Edible Oils & Ghee,Sundrop,548,5,378,4.7,6.54,38.79,No,520,2023-07-16
P00328,FreshBasket Ginger,Fresh,Fruits & Vegetables,FreshBasket,129,15,1878,4.8,5.15,39.43,Yes,8,2024-02-05
P00329,Sunfeast Marie Biscuits,Snacks,Snacks & Biscuits,Sunfeast,24,0,1602,4.4,12.68,26.83,No,499,2020-09-21
P00330,Milky Mist Brown Eggs,Fresh,Dairy & Eggs,Milky Mist,72,0,2112,3.3,36.85,33.17,Yes,13,2023-05-06
P00331,Glad Paper Towels,Household,Kitchen Essentials,Glad,215,15,373,4.5,10.49,26.4,No,593,2020-02-09
P00332,Tata Sampann Chickpeas,Staples,"Atta, Rice & Dal",Tata Sampann,158,0,1164,3.5,31.1,30.24,No,218,2022-02-07
P00334,Girnar Tea Powder,Beverages,Tea & Coffee,Girnar,585,5,249,4.4,13.89,35.48,No,283,2023-09-18
P00336,India Gate Brown Rice,Staples,"Atta, Rice & Dal",India Gate,233,15,823,3.5,31.64,26.34,No,672,2021-11-08
P00337,Fortune Atta,Staples,"Atta, Rice & Dal",Fortune,106,20,1391,3.5,30.27,32.32,No,283,2021-06-08
P00338,Pears Talcum Powder,Personal Care,Bath & Body,Pears,175,15,172,3.4,32.52,39.41,No,477,2022-01-07
P00339,Oral-B Dental Floss,Personal Care,Oral Care,Oral-B,79,0,171,3.2,36.42,30.29,No,516,2022-01-02
P00341,Brooke Bond Filter Coffee,Beverages,Tea & Coffee,Brooke Bond,215,5,786,4.4,14.94,27.33,No,286,2022-05-02
P00343,B Natural Energy Drink,Beverages,Cold Drinks & Juices,B Natural,31,0,765,4.3,14.04,26.97,No,717,2023-03-26
P00344,Patanjali Hand Wash,Personal Care,Bath & Body,Patanjali,88,15,399,4.0,21.99,30.37,No,332,2023-02-17
P00351,Ariel Dishwash Liquid,Household,Cleaning & Laundry,Ariel,482,5,436,4.6,8.57,34.93,No,604,2020-04-05
P00352,Santoor Talcum Powder,Personal Care,Bath & Body,Santoor,298,5,413,3.2,38.21,31.7,No,623,2023-04-13
P00354,Harpic Dishwash Bar,Household,Cleaning & Laundry,Harpic,431,10,471,4.6,8.41,30.96,No,704,2021-09-04
P00356,Fiama Hand Wash,Personal Care,Bath & Body,Fiama,99,10,679,4.0,21.71,29.99,No,607,2023-10-12
P00358,Cadbury Milk Chocolate,Snacks,Chocolates & Sweets,Cadbury,352,5,772,4.1,19.08,33.21,No,409,2023-08-18
P00359,Milton Cling Wrap,Household,Kitchen Essentials,Milton,187,0,367,3.9,24.87,25.36,No,500,2023-02-04
P00362,Pigeon Aluminium Foil,Household,Kitchen Essentials,Pigeon,278,5,91,3.5,30.97,39.24,No,488,2022-10-01
P00364,Balaji Bhujia,Snacks,Snacks & Biscuits,Balaji,104,10,856,3.6,30.26,32.04,No,189,2020-08-22
P00366,Girnar Instant Coffee,Beverages,Tea & Coffee,Girnar,125,20,574,4.1,19.53,32.7,No,483,2023-08-27
P00367,Fortune Coconut Oil,Staples,Edible Oils & Ghee,Fortune,178,5,954,4.1,18.02,39.02,No,398,2023-11-04
P00370,LocalFarm Ginger,Fresh,Fruits & Vegetables,LocalFarm,31,0,2077,4.8,4.32,28.19,Yes,9,2023-05-27
P00371,Aavin Ghee,Fresh,Dairy & Eggs,Aavin,131,0,1319,3.5,30.66,28.8,Yes,13,2021-08-27
P00373,Tide Dishwash Bar,Household,Cleaning & Laundry,Tide,432,5,423,4.7,8.55,37.86,No,368,2021-03-28
P00375,Ariel Dishwash Bar,Household,Cleaning & Laundry,Ariel,336,0,273,4.4,13.46,35.04,No,311,2023-10-06
P00377,Prestige Garbage Bags,Household,Kitchen Essentials,Prestige,126,0,349,3.6,28.66,28.9,No,626,2021-07-20
P00378,Lays Marie Biscuits,Snacks,Snacks & Biscuits,Lays,138,15,919,4.5,11.46,38.37,No,263,2021-07-28
P00379,Fortune Brown Rice,Staples,"Atta, Rice & Dal",Fortune,422,0,223,4.6,9.89,27.81,No,594,2023-04-23
P00380,Daawat Masoor Dal,Staples,"Atta, Rice & Dal",Daawat,328,20,1083,4.3,14.45,34.11,No,477,2020-10-01
P00383,India Gate Rajma,Staples,"Atta, Rice & Dal",India Gate,315,10,883,4.0,21.36,39.3,No,511,2020-07-30
P00384,Dabur Red Mouthwash,Personal Care,Oral Care,Dabur Red,189,20,265,3.8,25.14,31.19,No,259,2022-11-24
P00387,Saffola Desi Ghee,Staples,Edible Oils & Ghee,Saffola,196,15,916,4.0,20.63,37.58,No,600,2020-02-15
P00388,Tata Sampann Basmati Rice,Staples,"Atta, Rice & Dal",Tata Sampann,118,20,399,4.7,6.44,37.51,No,364,2022-11-24
P00389,Pepsi Orange Juice,Beverages,Cold Drinks & Juices,Pepsi,75,15,1381,4.9,4.6,37.44,No,600,2023-05-15
P00390,Daawat Urad Dal,Staples,"Atta, Rice & Dal",Daawat,135,10,1183,4.2,16.21,34.33,No,315,2020-08-10
P00394,Emami Healthy & Tasty Rice Bran Oil,Staples,Edible Oils & Ghee,Emami Healthy & Tasty,318,0,425,4.2,17.63,36.13,No,185,2023-12-23
P00395,Patanjali Body Wash,Personal Care,Bath & Body,Patanjali,43,15,380,4.4,12.95,34.56,No,338,2022-05-22
P00397,Pigeon Cling Wrap,Household,Kitchen Essentials,Pigeon,287,10,276,4.2,18.32,34.03,No,321,2023-09-12
P00398,Reliance Fresh Cabbage,Fresh,Fruits & Vegetables,Reliance Fresh,61,0,1405,4.1,20.36,27.98,Yes,14,2023-11-28
P00399,Santoor Shampoo,Personal Care,Bath & Body,Santoor,42,0,281,4.0,21.8,38.67,No,449,2021-03-30
P00403,Ariel Detergent Powder,Household,Cleaning & Laundry,Ariel,172,20,452,4.4,13.68,31.26,No,535,2021-07-20
P00404,Patanjali Chana Dal,Staples,"Atta, Rice & Dal",Patanjali,344,0,604,3.5,31.52,31.62,No,695,2021-08-25
P00409,Fiama Conditioner,Personal Care,Bath & Body,Fiama,163,10,305,3.6,30.5,27.45,No,544,2020-11-15
P00410,Reliance Fresh Orange,Fresh,Fruits & Vegetables,Reliance Fresh,146,20,585,4.5,11.62,39.36,Yes,12,2022-01-30
P00412,Patanjali Masoor Dal,Staples,"Atta, Rice & Dal",Patanjali,294,20,324,4.1,19.18,29.7,No,358,2022-07-25
P00413,Amul Fresh Cream,Fresh,Dairy & Eggs,Amul,33,5,1454,4.2,16.98,30.82,Yes,9,2021-01-18
P00417,Sensodyne Dental Floss,Personal Care,Oral Care,Sensodyne,114,20,693,3.3,34.3,37.55,No,400,2021-06-04
P00418,Tropicana Iced Tea,Beverages,Cold Drinks & Juices,Tropicana,86,10,863,4.2,18.8,36.14,No,200,2022-04-23
P00419,Heritage Flavoured Milk,Fresh,Dairy & Eggs,Heritage,177,20,1687,4.3,14.52,28.29,Yes,10,2021-10-27
P00425,Patanjali Shampoo,Personal Care,Bath & Body,Patanjali,127,0,153,4.3,16.58,35.12,No,667,2022-08-14
P00429,Wagh Bakri Instant Coffee,Beverages,Tea & Coffee,Wagh Bakri,107,20,579,3.5,32.65,33.44,No,435,2020-11-30
P00437,Nestle Soan Papdi,Snacks,Chocolates & Sweets,Nestle,419,0,781,4.3,16.92,36.46,No,624,2021-10-26
P00439,Ariel Floor Cleaner,Household,Cleaning & Laundry,Ariel,334,5,534,3.4,33.86,26.04,No,241,2020-05-02
P00440,Parle Popcorn,Snacks,Snacks & Biscuits,Parle,52,15,879,3.7,27.68,30.33,No,535,2022-06-17
P00442,Dabur Red Toothbrush,Personal Care,Oral Care,Dabur Red,97,20,495,3.8,25.41,26.99,No,344,2020-05-21
P00443,Vim Bleach,Household,Cleaning & Laundry,Vim,349,20,467,4.0,22.33,32.41,No,369,2020-02-08
P00446,FreshBasket Grapes,Fresh,Fruits & Vegetables,FreshBasket,69,0,758,4.2,18.51,30.13,Yes,13,2023-07-01
P00447,Sensodyne Toothpaste,Personal Care,Oral Care,Sensodyne,106,20,213,3.2,38.76,30.16,No,261,2022-08-16
P00449,LocalFarm Coriander,Fresh,Fruits & Vegetables,LocalFarm,45,5,2724,3.9,22.58,30.16,Yes,14,2023-07-04
P00452,Nescafe Coffee Beans,Beverages,Tea & Coffee,Nescafe,346,20,658,3.6,30.3,26.11,No,440,2022-01-07
P00454,Aashirvaad Toor Dal,Staples,"Atta, Rice & Dal",Aashirvaad,445,10,996,4.1,19.71,31.42,No,276,2020-03-18
P00456,Kohinoor Chickpeas,Staples,"Atta, Rice & Dal",Kohinoor,455,15,465,4.0,22.7,29.46,No,277,2023-05-04
P00459,Dove Shampoo,Personal Care,Bath & Body,Dove,241,15,576,4.2,16.27,33.52,No,583,2020-10-30
P00460,Freedom Sunflower Oil,Staples,Edible Oils & Ghee,Freedom,130,20,697,3.6,29.2,33.48,No,313,2020-10-03
P00462,Kurkure Banana Chips,Snacks,Snacks & Biscuits,Kurkure,128,10,894,3.5,31.03,30.17,No,492,2020-12-12
P00463,Ferrero Milk Chocolate,Snacks,Chocolates & Sweets,Ferrero,95,5,393,4.4,12.47,29.07,No,267,2020-08-18
P00464,Patanjali Conditioner,Personal Care,Bath & Body,Patanjali,115,10,149,3.8,26.41,35.43,No,662,2020-02-16
P00467,Paper Boat Diet Soft Drink,Beverages,Cold Drinks & Juices,Paper Boat,89,10,428,3.2,38.6,30.26,No,416,2022-02-18
P00468,Dettol Floor Cleaner,Household,Cleaning & Laundry,Dettol,170,5,325,4.1,19.37,26.11,No,202,2020-03-22
P00469,Freedom Mustard Oil,Staples,Edible Oils & Ghee,Freedom,482,5,189,3.8,25.06,30.62,No,421,2022-10-23
P00472,Rin Dishwash Liquid,Household,Cleaning & Laundry,Rin,287,5,391,4.4,14.7,26.36,No,620,2020-10-24
P00474,Girnar Herbal Tea,Beverages,Tea & Coffee,Girnar,255,5,230,3.4,32.08,25.21,No,453,2023-05-25
P00475,Tide Dishwash Liquid,Household,Cleaning & Laundry,Tide,106,10,231,4.4,13.43,32.46,No,660,2023-12-29
P00477,Sprite Mixed Fruit Juice,Beverages,Cold Drinks & Juices,Sprite,36,5,1127,4.7,7.47,35.14,No,648,2021-05-20
P00483,Mars Milk Chocolate,Snacks,Chocolates & Sweets,Mars,176,0,278,4.4,13.9,38.72,No,573,2024-01-28
P00484,Harpic Toilet Cleaner,Household,Cleaning & Laundry,Harpic,124,5,470,4.2,17.98,37.75,No,328,2021-01-01
P00485,Pears Body Lotion,Personal Care,Bath & Body,Pears,198,15,366,4.3,14.35,38.03,No,387,2020-01-08
P00488,Kohinoor Atta,Staples,"Atta, Rice & Dal",Kohinoor,68,5,359,4.3,16.51,35.53,No,269,2020-04-10
P00490,Red Label Tea Powder,Beverages,Tea & Coffee,Red Label,406,10,437,4.7,8.46,28.62,No,246,2021-08-22
P00491,Real Diet Soft Drink,Beverages,Cold Drinks & Juices,Real,104,20,961,4.1,20.09,30.82,No,291,2023-03-16
P00494,Lifebuoy Conditioner,Personal Care,Bath & Body,Lifebuoy,252,15,145,3.8,25.68,30.44,No,191,2023-08-04
P00495,Emami Healthy & Tasty Mustard Oil,Staples,Edible Oils & Ghee,Emami Healthy & Tasty,149,10,541,4.1,18.97,39.91,No,521,2021-11-30
P00496,Sprite Fruit Juice,Beverages,Cold Drinks & Juices,Sprite,104,10,1308,4.0,21.42,39.47,No,319,2022-09-13
P00499,Fortune Desi Ghee,Staples,Edible Oils & Ghee,Fortune,427,15,713,4.1,18.5,30.92,No,371,2023-05-03
P00502,24 Mantra Toor Dal,Staples,"Atta, Rice & Dal",24 Mantra,425,20,715,4.5,10.43,26.92,No,708,2023-10-17
P00503,Aashirvaad Chickpeas,Staples,"Atta, Rice & Dal",Aashirvaad,285,15,1183,3.4,32.93,39.34,No,269,2021-11-13
P00507,Nestle Chocolate Bar,Snacks,Chocolates & Sweets,Nestle,79,15,1192,4.3,14.32,39.19,No,616,2022-03-13
P00509,Dettol Detergent Liquid,Household,Cleaning & Laundry,Dettol,179,15,460,4.4,14.13,33.02,No,417,2021-04-03
P00513,Fortune Rice Bran Oil,Staples,Edible Oils & Ghee,Fortune,428,5,804,4.4,13.29,25.3,No,530,2023-01-20
P00514,Fiama Shampoo,Personal Care,Bath & Body,Fiama,79,20,672,3.4,33.79,35.11,No,279,2022-06-30
P00517,Sundrop Mustard Oil,Staples,Edible Oils & Ghee,Sundrop,391,15,815,4.9,3.03,38.66,No,188,2023-06-06
P00519,Kurkure Bhujia,Snacks,Snacks & Biscuits,Kurkure,199,20,842,4.3,16.14,33.91,No,625,2023-01-21
P00520,Tata Sampann Chana Dal,Staples,"Atta, Rice & Dal",Tata Sampann,146,20,1113,4.6,9.08,33.74,No,475,2023-10-04
P00522,Freedom Desi Ghee,Staples,Edible Oils & Ghee,Freedom,515,20,330,4.0,21.27,27.7,No,573,2021-12-28
P00523,Aashirvaad Moong Dal,Staples,"Atta, Rice & Dal",Aashirvaad,345,15,635,4.4,12.81,26.1,No,555,2020-03-09
P00526,Dettol Bleach,Household,Cleaning & Laundry,Dettol,560,20,355,3.9,24.88,28.03,No,476,2020-12-09
P00527,Milky Mist White Eggs,Fresh,Dairy & Eggs,Milky Mist,45,15,1958,3.5,30.15,25.16,Yes,14,2020-02-25
P00529,FarmFresh Ginger,Fresh,Fruits & Vegetables,FarmFresh,58,15,2190,4.6,8.78,29.48,Yes,12,2021-01-05
P00534,Pigeon Garbage Bags,Household,Kitchen Essentials,Pigeon,176,0,276,4.3,15.17,28.4,No,427,2023-10-08
P00535,Rin Floor Cleaner,Household,Cleaning & Laundry,Rin,400,20,136,4.3,16.5,39.82,No,280,2022-12-11
P00537,Fortune Chickpeas,Staples,"Atta, Rice & Dal",Fortune,94,20,607,3.8,26.29,30.28,No,369,2020-08-15
P00538,Pears Face Wash,Personal Care,Bath & Body,Pears,279,0,385,4.8,4.83,33.59,No,511,2021-06-11
P00539,Aashirvaad Brown Rice,Staples,"Atta, Rice & Dal",Aashirvaad,245,15,883,4.9,2.77,27.81,No,362,2022-06-21
P00540,Aavin Paneer,Fresh,Dairy & Eggs,Aavin,75,15,908,3.4,34.31,36.72,Yes,6,2022-06-23
P00543,Bru Herbal Tea,Beverages,Tea & Coffee,Bru,171,20,398,3.2,38.86,27.73,No,673,2020-09-05
P00546,Nandini Paneer,Fresh,Dairy & Eggs,Nandini,39,5,732,4.4,13.78,32.67,Yes,6,2023-01-12
P00547,Dabur Red Dental Floss,Personal Care,Oral Care,Dabur Red,165,0,137,3.8,25.01,29.18,No,595,2020-08-30
P00550,Fortune Multigrain Atta,Staples,"Atta, Rice & Dal",Fortune,304,20,659,3.3,34.61,34.94,No,591,2021-10-26
P00551,FarmFresh Capsicum,Fresh,Fruits & Vegetables,FarmFresh,31,20,1606,3.8,24.36,37.87,Yes,11,2020-12-10
P00552,Pepsodent Electric Toothbrush,Personal Care,Oral Care,Pepsodent,162,5,573,3.3,34.3,27.29,No,565,2020-11-19
P00553,Amul Curd,Fresh,Dairy & Eggs,Amul,31,5,871,4.4,13.78,35.74,Yes,12,2023-11-18
P00555,Tropicana Orange Juice,Beverages,Cold Drinks & Juices,Tropicana,127,0,953,3.6,28.35,32.05,No,277,2023-06-21
P00558,FarmFresh Green Chilli,Fresh,Fruits & Vegetables,FarmFresh,60,0,2340,4.1,18.21,36.47,Yes,12,2023-04-28
P00560,24 Mantra Chana Dal,Staples,"Atta, Rice & Dal",24 Mantra,77,15,626,3.6,29.83,37.32,No,562,2020-10-06
P00561,Real Apple Juice,Beverages,Cold Drinks & Juices,Real,71,10,490,3.3,35.71,35.79,No,293,2022-08-11
P00563,Harpic Detergent Liquid,Household,Cleaning & Laundry,Harpic,580,5,481,4.0,21.39,39.78,No,618,2021-05-20
P00567,Thums Up Energy Drink,Beverages,Cold Drinks & Juices,Thums Up,114,15,1357,4.3,16.58,38.94,No,520,2022-12-23
P00568,Milky Mist Buttermilk,Fresh,Dairy & Eggs,Milky Mist,208,20,1400,4.2,16.62,29.73,Yes,14,2021-11-18
P00570,Pears Shampoo,Personal Care,Bath & Body,Pears,162,20,241,4.3,16.21,28.72,No,394,2021-04-06
P00571,Haldirams Soan Papdi,Snacks,Chocolates & Sweets,Haldirams,483,10,186,3.3,35.04,32.71,No,719,2020-09-08
P00576,Haldirams Cream Biscuits,Snacks,Snacks & Biscuits,Haldirams,86,5,1197,3.8,24.86,27.31,No,331,2021-12-24
P00577,Haldirams Milk Chocolate,Snacks,Chocolates & Sweets,Haldirams,214,20,489,3.5,30.53,29.38,No,337,2020-11-26
P00582,Fortune Mustard Oil,Staples,Edible Oils & Ghee,Fortune,414,0,631,4.3,15.75,36.67,No,464,2021-02-04
P00583,FreshBasket Green Chilli,Fresh,Fruits & Vegetables,FreshBasket,42,20,2487,3.5,30.95,30.93,Yes,5,2023-09-27
P00586,Tide Fabric Softener,Household,Cleaning & Laundry,Tide,390,15,569,4.9,2.2,25.6,No,564,2020-06-30
P00587,Milky Mist Flavoured Milk,Fresh,Dairy & Eggs,Milky Mist,136,5,1495,4.0,21.7,26.28,Yes,8,2021-01-15
P00588,Continental Instant Coffee,Beverages,Tea & Coffee,Continental,143,10,742,3.7,27.68,33.05,No,207,2020-01-06
P00590,Mother Dairy Ghee,Fresh,Dairy & Eggs,Mother Dairy,183,10,1443,4.0,21.31,36.13,Yes,12,2023-11-22
P00591,Amul Brown Eggs,Fresh,Dairy & Eggs,Amul,246,10,676,4.2,16.44,33.09,Yes,7,2022-01-01
P00592,Kohinoor Brown Rice,Staples,"Atta, Rice & Dal",Kohinoor,264,10,339,3.7,27.59,25.95,No,706,2021-01-31
P00595,Sunfeast Banana Chips,Snacks,Snacks & Biscuits,Sunfeast,59,20,871,4.6,10.39,31.63,No,718,2022-12-25
P00596,Santoor Body Lotion,Personal Care,Bath & Body,Santoor,79,0,254,4.8,5.44,35.33,No,551,2020-10-11
P00597,Girnar Green Tea,Beverages,Tea & Coffee,Girnar,129,0,349,3.4,34.08,29.68,No,494,2020-09-13
P00598,Patanjali Multigrain Atta,Staples,"Atta, Rice & Dal",Patanjali,403,0,311,3.2,37.45,33.53,No,381,2020-08-08
P00599,LocalFarm Spinach,Fresh,Fruits & Vegetables,LocalFarm,84,0,831,3.7,26.03,38.55,Yes,6,2023-05-17
P00600,Kohinoor Basmati Rice,Staples,"Atta, Rice & Dal",Kohinoor,64,0,567,4.6,10.83,25.77,No,536,2021-12-22
P00601,Fortune Masoor Dal,Staples,"Atta, Rice & Dal",Fortune,100,20,350,4.1,20.15,25.54,No,355,2023-01-05
P00602,NaturePick Onion,Fresh,Fruits & Vegetables,NaturePick,141,10,1049,3.9,24.87,37.29,Yes,10,2022-02-16
P00604,Balaji Banana Chips,Snacks,Snacks & Biscuits,Balaji,146,0,841,3.7,27.8,35.32,No,634,2021-04-07
P00610,Lays Banana Chips,Snacks,Snacks & Biscuits,Lays,139,5,751,4.3,15.47,36.07,No,531,2023-01-12
P00612,Glad Food Storage Bags,Household,Kitchen Essentials,Glad,291,15,162,3.7,27.17,28.54,No,682,2023-09-13
P00614,Britannia Potato Chips,Snacks,Snacks & Biscuits,Britannia,52,10,1077,4.6,9.75,28.52,No,529,2022-02-18
P00615,Country Delight Fresh Cream,Fresh,Dairy & Eggs,Country Delight,135,10,690,4.3,14.74,30.28,Yes,14,2020-06-22
P00616,Dove Face Wash,Personal Care,Bath & Body,Dove,212,5,126,4.1,18.11,30.13,No,612,2023-03-09
P00618,FreshBasket Capsicum,Fresh,Fruits & Vegetables,FreshBasket,148,10,968,4.2,17.09,33.46,Yes,12,2023-07-25
P00619,Organic India Cucumber,Fresh,Fruits & Vegetables,Organic India,32,10,2416,4.6,9.87,25.62,Yes,14,2020-07-13
P00621,Bru Green Tea,Beverages,Tea & Coffee,Bru,511,10,603,4.1,20.01,31.79,No,199,2023-07-09
P00622,Lux Talcum Powder,Personal Care,Bath & Body,Lux,279,10,471,4.6,10.56,26.4,No,241,2022-12-05
P00623,Dhara Rice Bran Oil,Staples,Edible Oils & Ghee,Dhara,326,5,825,4.4,12.9,33.47,No,506,2020-05-11
P00626,Nandini Cheese,Fresh,Dairy & Eggs,Nandini,194,0,1502,4.0,20.06,27.11,Yes,6,2021-10-04
P00630,Kurkure Marie Biscuits,Snacks,Snacks & Biscuits,Kurkure,141,5,722,4.7,8.81,34.55,No,556,2021-09-23
P00631,Reliance Fresh Banana,Fresh,Fruits & Vegetables,Reliance Fresh,81,10,2010,3.7,28.88,34.56,Yes,6,2022-12-31
P00633,Bru Coffee Beans,Beverages,Tea & Coffee,Bru,134,10,231,4.6,10.82,32.93,No,602,2021-11-12
P00636,Tata Sampann Masoor Dal,Staples,"Atta, Rice & Dal",Tata Sampann,483,20,811,4.5,10.96,32.82,No,316,2021-06-17
P00638,FreshBasket Orange,Fresh,Fruits & Vegetables,FreshBasket,70,10,1309,3.3,35.85,31.0,Yes,7,2020-07-01
P00640,Daawat Sona Masoori Rice,Staples,"Atta, Rice & Dal",Daawat,197,15,1020,3.4,34.57,31.0,No,469,2024-01-28
P00646,Nescafe Filter Coffee,Beverages,Tea & Coffee,Nescafe,540,10,312,4.2,18.28,36.04,No,500,2022-06-11
P00648,LocalFarm Tomato,Fresh,Fruits & Vegetables,LocalFarm,140,10,994,4.4,13.31,25.07,Yes,12,2020-03-24
P00650,Bingo Namkeen Mix,Snacks,Snacks & Biscuits,Bingo,164,20,650,4.2,18.91,32.11,No,364,2022-05-02
P00652,Amul Butter,Fresh,Dairy & Eggs,Amul,50,15,2473,4.4,13.44,30.58,Yes,9,2023-05-01
P00654,NaturePick Green Chilli,Fresh,Fruits & Vegetables,NaturePick,117,0,1673,3.6,28.72,28.44,Yes,11,2020-07-01
P00655,FreshBasket Tomato,Fresh,Fruits & Vegetables,FreshBasket,123,10,1038,3.4,33.47,33.51,Yes,9,2023-11-03
P00658,Patanjali Talcum Powder,Personal Care,Bath & Body,Patanjali,82,10,605,3.9,24.72,32.84,No,332,2020-09-18
P00662,Brooke Bond Masala Tea,Beverages,Tea & Coffee,Brooke Bond,316,5,196,4.5,11.81,26.93,No,288,2022-06-07
P00664,Prestige Food Storage Bags,Household,Kitchen Essentials,Prestige,194,0,169,3.4,32.57,27.76,No,372,2020-02-24
P00665,Dhara Olive Oil,Staples,Edible Oils & Ghee,Dhara,327,15,973,4.3,16.37,37.14,No,488,2022-08-07
P00667,Real Mixed Fruit Juice,Beverages,Cold Drinks & Juices,Real,120,0,668,3.2,37.89,29.3,No,605,2022-10-12
P00668,Closeup Toothpaste,Personal Care,Oral Care,Closeup,152,15,572,4.2,17.83,29.82,No,679,2021-04-19
P00669,Santoor Bath Soap,Personal Care,Bath & Body,Santoor,201,20,182,3.7,27.94,26.66,No,299,2022-10-10
P00670,Prestige Paper Towels,Household,Kitchen Essentials,Prestige,50,5,382,4.4,13.41,33.42,No,699,2021-03-25
P00673,Britannia Bhujia,Snacks,Snacks & Biscuits,Britannia,24,10,960,3.8,24.48,27.58,No,695,2020-03-06
P00677,Tropicana Fruit Juice,Beverages,Cold Drinks & Juices,Tropicana,105,5,412,4.6,9.32,33.76,No,186,2021-05-17
P00679,Glad Cling Wrap,Household,Kitchen Essentials,Glad,259,15,380,4.7,8.86,32.26,No,550,2020-03-01
P00682,Nandini Brown Eggs,Fresh,Dairy & Eggs,Nandini,209,15,1202,4.3,16.66,30.64,Yes,14,2023-08-28
P00685,Mars Dark Chocolate,Snacks,Chocolates & Sweets,Mars,111,10,465,4.3,15.06,39.29,No,307,2022-07-08
P00686,Balaji Cookies,Snacks,Snacks & Biscuits,Balaji,80,20,1518,4.4,14.81,30.01,No,419,2021-12-18
P00688,FreshBasket Cauliflower,Fresh,Fruits & Vegetables,FreshBasket,40,0,941,3.9,22.39,36.78,Yes,6,2022-01-26
P00692,Country Delight Cheese,Fresh,Dairy & Eggs,Country Delight,107,10,1517,3.2,36.43,28.24,Yes,11,2020-04-09
P00694,Ferrero Gulab Jamun,Snacks,Chocolates & Sweets,Ferrero,536,20,249,4.5,11.51,33.09,No,640,2023-09-28
P00699,Coca-Cola Energy Drink,Beverages,Cold Drinks & Juices,Coca-Cola,101,15,675,3.4,34.94,31.87,No,472,2020-10-21
P00703,Coca-Cola Iced Tea,Beverages,Cold Drinks & Juices,Coca-Cola,124,5,235,3.7,28.89,29.87,No,432,2023-02-10
P00704,Patanjali Face Wash,Personal Care,Bath & Body,Patanjali,248,15,176,4.6,9.5,28.26,No,325,2022-02-03
P00705,Harpic Dishwash Liquid,Household,Cleaning & Laundry,Harpic,542,0,96,4.6,10.88,30.69,No,351,2020-01-02
P00706,Milky Mist Cheese,Fresh,Dairy & Eggs,Milky Mist,244,15,968,4.6,8.64,27.39,Yes,9,2020-04-03
P00709,Britannia Namkeen Mix,Snacks,Snacks & Biscuits,Britannia,175,15,297,4.7,8.02,33.8,No,680,2022-03-15
P00710,Surf Excel Detergent Liquid,Household,Cleaning & Laundry,Surf Excel,535,0,328,4.9,3.13,30.98,No,576,2020-12-28
P00714,Rin Detergent Liquid,Household,Cleaning & Laundry,Rin,345,20,342,4.7,8.19,35.88,No,203,2023-11-20
P00717,Country Delight Paneer,Fresh,Dairy & Eggs,Country Delight,50,20,2512,3.2,38.21,25.32,Yes,11,2020-06-01
P00719,India Gate Chana Dal,Staples,"Atta, Rice & Dal",India Gate,224,0,806,4.1,18.71,38.91,No,629,2020-07-14
P00721,Paper Boat Orange Juice,Beverages,Cold Drinks & Juices,Paper Boat,36,0,1525,3.3,34.16,27.25,No,591,2020-07-15
P00725,Pigeon Kitchen Towels,Household,Kitchen Essentials,Pigeon,199,20,557,4.5,10.44,35.37,No,531,2021-08-19
P00726,Haldirams Popcorn,Snacks,Snacks & Biscuits,Haldirams,34,5,1393,4.6,9.68,39.18,No,532,2021-02-04
P00727,Kohinoor Multigrain Atta,Staples,"Atta, Rice & Dal",Kohinoor,146,15,1243,4.2,16.99,31.32,No,523,2023-06-15
P00728,Nestle Gulab Jamun,Snacks,Chocolates & Sweets,Nestle,157,15,1100,4.5,10.13,36.71,No,183,2023-08-01
P00730,LocalFarm Brinjal,Fresh,Fruits & Vegetables,LocalFarm,49,5,1799,3.9,23.89,26.31,Yes,10,2020-03-30
P00731,Organic India Onion,Fresh,Fruits & Vegetables,Organic India,64,5,1615,4.4,13.02,31.69,Yes,7,2021-02-05
P00735,Rin Dishwash Bar,Household,Cleaning & Laundry,Rin,415,5,153,4.3,14.84,38.1,No,700,2023-04-11
P00736,B Natural Diet Soft Drink,Beverages,Cold Drinks & Juices,B Natural,36,5,1260,3.9,24.65,28.72,No,563,2022-10-18
P00741,Milky Mist Curd,Fresh,Dairy & Eggs,Milky Mist,245,20,1234,4.1,18.23,35.85,Yes,8,2020-07-20
P00747,Sensodyne Electric Toothbrush,Personal Care,Oral Care,Sensodyne,133,20,157,4.2,16.1,37.91,No,518,2023-03-09
P00750,Heritage Cheese,Fresh,Dairy & Eggs,Heritage,89,10,1898,4.1,19.36,34.47,Yes,5,2020-12-17
P00753,24 Mantra Basmati Rice,Staples,"Atta, Rice & Dal",24 Mantra,82,15,842,4.1,20.73,26.82,No,651,2022-08-05
P00755,Patanjali Urad Dal,Staples,"Atta, Rice & Dal",Patanjali,284,15,584,4.4,12.29,29.52,No,224,2021-05-05
P00756,Sundrop Olive Oil,Staples,Edible Oils & Ghee,Sundrop,378,0,721,4.4,14.71,26.37,No,601,2023-02-06
P00757,Mother Dairy Curd,Fresh,Dairy & Eggs,Mother Dairy,159,10,1239,4.0,20.76,32.41,Yes,12,2020-02-24
P00766,Fortune Groundnut Oil,Staples,Edible Oils & Ghee,Fortune,365,20,550,3.3,36.66,33.83,No,691,2020-07-27
P00768,Coca-Cola Apple Juice,Beverages,Cold Drinks & Juices,Coca-Cola,134,15,968,4.3,14.7,31.19,No,193,2021-04-21
P00770,24 Mantra Sona Masoori Rice,Staples,"Atta, Rice & Dal",24 Mantra,428,10,407,3.7,27.93,28.59,No,713,2022-04-29
P00780,Daawat Moong Dal,Staples,"Atta, Rice & Dal",Daawat,444,10,935,4.4,13.9,34.48,No,239,2023-08-26
P00783,FreshBasket Lady Finger,Fresh,Fruits & Vegetables,FreshBasket,40,20,1630,4.7,6.5,33.6,Yes,9,2022-10-22
P00785,Fiama Body Lotion,Personal Care,Bath & Body,Fiama,197,0,237,4.6,8.0,38.95,No,607,2022-12-11
P00789,Organic India Banana,Fresh,Fruits & Vegetables,Organic India,21,20,1063,3.4,33.57,39.9,Yes,14,2022-12-01
P00792,Fortune Urad Dal,Staples,"Atta, Rice & Dal",Fortune,494,20,611,4.8,6.25,36.27,No,642,2023-06-20
P00796,B Natural Orange Juice,Beverages,Cold Drinks & Juices,B Natural,63,15,499,4.0,21.62,36.35,No,354,2023-09-13
P00798,B Natural Fruit Juice,Beverages,Cold Drinks & Juices,B Natural,43,10,724,4.8,6.3,31.0,No,531,2022-02-11
P00806,Glad Aluminium Foil,Household,Kitchen Essentials,Glad,205,20,130,4.6,10.13,33.14,No,347,2023-03-28
P00812,Patanjali Rice Bran Oil,Staples,Edible Oils & Ghee,Patanjali,524,10,586,3.4,32.98,29.29,No,369,2022-04-10
P00814,Lifebuoy Shampoo,Personal Care,Bath & Body,Lifebuoy,132,0,591,4.0,20.94,39.41,No,391,2023-08-29
P00818,Vim Floor Cleaner,Household,Cleaning & Laundry,Vim,211,20,580,3.3,34.76,34.27,No,347,2022-03-30
P00820,Haldirams Digestive Biscuits,Snacks,Snacks & Biscuits,Haldirams,100,15,1053,3.2,37.81,38.84,No,307,2022-12-24
P00822,FarmFresh Lady Finger,Fresh,Fruits & Vegetables,FarmFresh,116,0,901,3.5,32.18,35.41,Yes,12,2020-07-14
P00823,Milton Food Storage Bags,Household,Kitchen Essentials,Milton,184,20,330,4.2,18.69,37.44,No,578,2021-01-05
P00824,Haldirams Kaju Katli,Snacks,Chocolates & Sweets,Haldirams,180,10,198,4.4,14.14,30.14,No,326,2022-02-14
P00826,Haldirams Rasgulla,Snacks,Chocolates & Sweets,Haldirams,284,10,744,4.7,8.84,33.9,No,500,2020-07-03
P00830,Tata Sampann Toor Dal,Staples,"Atta, Rice & Dal",Tata Sampann,313,10,327,3.9,23.14,34.4,No,295,2021-11-23
P00832,Lays Cookies,Snacks,Snacks & Biscuits,Lays,34,10,414,4.2,16.99,34.71,No,185,2021-12-17
P00837,Lays Digestive Biscuits,Snacks,Snacks & Biscuits,Lays,160,15,1367,4.4,12.97,28.53,No,589,2022-10-24
P00841,Lux Shampoo,Personal Care,Bath & Body,Lux,116,5,240,3.4,32.12,25.15,No,329,2022-05-23
P00842,LocalFarm Orange,Fresh,Fruits & Vegetables,LocalFarm,117,15,2273,3.7,27.9,36.53,Yes,10,2022-05-22
P00845,Amul Gulab Jamun,Snacks,Chocolates & Sweets,Amul,361,0,227,4.3,16.05,28.44,No,313,2021-11-09
P00847,Dettol Dishwash Liquid,Household,Cleaning & Laundry,Dettol,181,0,623,4.3,14.9,32.89,No,386,2022-12-28
P00849,Pepsi Energy Drink,Beverages,Cold Drinks & Juices,Pepsi,143,15,950,4.8,5.51,39.67,No,460,2023-11-27
P00853,India Gate Masoor Dal,Staples,"Atta, Rice & Dal",India Gate,199,0,507,4.8,4.83,38.01,No,232,2023-08-08
P00859,India Gate Moong Dal,Staples,"Atta, Rice & Dal",India Gate,85,5,433,3.9,23.37,30.32,No,592,2020-07-24
P00861,Tata Sampann Brown Rice,Staples,"Atta, Rice & Dal",Tata Sampann,371,20,266,4.5,10.03,28.12,No,526,2023-12-19
P00862,FreshBasket Mango,Fresh,Fruits & Vegetables,FreshBasket,133,5,1381,3.8,24.46,39.17,Yes,9,2023-07-09
P00865,Fortune Sona Masoori Rice,Staples,"Atta, Rice & Dal",Fortune,194,10,416,4.2,16.36,26.15,No,266,2020-03-29
P00871,Heritage Brown Eggs,Fresh,Dairy & Eggs,Heritage,209,0,786,3.8,24.61,27.24,Yes,10,2023-02-17
P00873,Tata Sampann Atta,Staples,"Atta, Rice & Dal",Tata Sampann,110,5,1017,4.4,14.09,33.63,No,235,2023-12-07
P00880,Country Delight White Eggs,Fresh,Dairy & Eggs,Country Delight,37,5,1249,3.5,30.32,36.81,Yes,5,2021-09-25
P00887,Emami Healthy & Tasty Coconut Oil,Staples,Edible Oils & Ghee,Emami Healthy & Tasty,169,15,343,4.0,20.51,35.57,No,249,2021-07-27
P00889,24 Mantra Urad Dal,Staples,"Atta, Rice & Dal",24 Mantra,70,10,904,3.9,24.57,26.24,No,312,2022-06-21
P00890,Cadbury Gulab Jamun,Snacks,Chocolates & Sweets,Cadbury,473,20,524,3.6,30.63,29.76,No,238,2021-05-16
P00894,FarmFresh Spinach,Fresh,Fruits & Vegetables,FarmFresh,74,10,804,4.9,4.32,39.07,Yes,10,2022-05-30
P00900,Rin Bleach,Household,Cleaning & Laundry,Rin,540,20,184,3.3,36.24,37.19,No,350,2023-05-15
P00901,Sprite Apple Juice,Beverages,Cold Drinks & Juices,Sprite,68,20,312,3.8,25.09,35.47,No,494,2022-10-25
P00903,Saffola Rice Bran Oil,Staples,Edible Oils & Ghee,Saffola,261,20,823,3.5,31.31,35.72,No,627,2023-07-22
P00904,Parle Banana Chips,Snacks,Snacks & Biscuits,Parle,42,0,1522,4.8,4.31,28.76,No,282,2023-07-21
P00908,Sundrop Groundnut Oil,Staples,Edible Oils & Ghee,Sundrop,480,5,623,4.3,16.49,27.98,No,619,2020-09-20
P00912,Patanjali Chickpeas,Staples,"Atta, Rice & Dal",Patanjali,444,10,282,3.7,28.8,30.59,No,285,2020-08-15
P00914,Aavin Milk,Fresh,Dairy & Eggs,Aavin,48,15,2048,3.3,36.06,34.38,Yes,10,2023-07-21
P00915,Real Fruit Juice,Beverages,Cold Drinks & Juices,Real,22,5,1615,4.2,17.82,39.55,No,531,2021-12-11
P00918,Daawat Toor Dal,Staples,"Atta, Rice & Dal",Daawat,289,15,1027,4.1,19.2,37.1,No,357,2021-02-09
P00922,Organic India Tomato,Fresh,Fruits & Vegetables,Organic India,129,5,1545,3.6,28.65,34.43,Yes,7,2021-10-05
P00923,Reliance Fresh Capsicum,Fresh,Fruits & Vegetables,Reliance Fresh,22,10,1702,4.0,22.39,26.5,Yes,13,2020-05-15
P00926,FarmFresh Cabbage,Fresh,Fruits & Vegetables,FarmFresh,103,20,1992,3.6,28.06,39.73,Yes,14,2020-01-10
P00929,Mars Kaju Katli,Snacks,Chocolates & Sweets,Mars,174,10,1107,4.3,14.09,39.28,No,190,2020-10-11
P00930,Heritage Buttermilk,Fresh,Dairy & Eggs,Heritage,73,0,963,4.4,14.44,27.75,Yes,13,2020-01-11
P00933,B Natural Mixed Fruit Juice,Beverages,Cold Drinks & Juices,B Natural,145,10,635,4.5,11.45,38.62,No,483,2023-12-27
P00939,Harpic Floor Cleaner,Household,Cleaning & Laundry,Harpic,297,5,463,4.1,19.52,39.2,No,459,2022-01-27
P00940,Reliance Fresh Lady Finger,Fresh,Fruits & Vegetables,Reliance Fresh,128,5,1372,3.5,30.53,35.86,Yes,14,2022-10-07
P00943,Kohinoor Sona Masoori Rice,Staples,"Atta, Rice & Dal",Kohinoor,376,10,671,4.4,12.28,32.45,No,668,2021-09-17
P00946,Dodla Paneer,Fresh,Dairy & Eggs,Dodla,58,0,2156,3.2,38.04,35.64,Yes,8,2022-12-11
P00947,Ariel Fabric Softener,Household,Cleaning & Laundry,Ariel,182,10,467,4.0,22.2,25.15,No,443,2023-09-20
P00949,Kurkure Namkeen Mix,Snacks,Snacks & Biscuits,Kurkure,76,5,997,4.0,20.73,28.88,No,621,2022-01-06
P00950,Patanjali Sona Masoori Rice,Staples,"Atta, Rice & Dal",Patanjali,377,0,600,4.7,8.04,26.51,No,640,2022-12-15
P00951,Saffola Olive Oil,Staples,Edible Oils & Ghee,Saffola,419,15,688,3.9,24.98,35.36,No,222,2023-04-01
P00952,Scotch-Brite Kitchen Towels,Household,Kitchen Essentials,Scotch-Brite,261,15,496,4.8,6.38,35.67,No,188,2022-10-18
P00954,Britannia Cookies,Snacks,Snacks & Biscuits,Britannia,75,10,1481,3.4,33.47,39.92,No,540,2023-09-14
P00957,Real Orange Juice,Beverages,Cold Drinks & Juices,Real,99,5,1112,3.9,24.63,27.93,No,322,2023-10-31
P00958,Freedom Groundnut Oil,Staples,Edible Oils & Ghee,Freedom,284,10,492,3.3,35.7,30.57,No,367,2022-02-08
P00962,Mother Dairy Flavoured Milk,Fresh,Dairy & Eggs,Mother Dairy,115,20,850,4.6,9.7,29.64,Yes,5,2020-09-05
P00965,24 Mantra Multigrain Atta,Staples,"Atta, Rice & Dal",24 Mantra,62,20,1331,3.9,24.78,35.5,No,675,2021-01-11
P00976,Girnar Filter Coffee,Beverages,Tea & Coffee,Girnar,330,5,265,3.9,23.59,28.15,No,268,2023-04-07
P00977,LocalFarm Onion,Fresh,Fruits & Vegetables,LocalFarm,55,0,1938,4.5,11.7,27.04,Yes,10,2021-01-14
P00980,Heritage Milk,Fresh,Dairy & Eggs,Heritage,240,10,1594,3.6,30.11,38.98,Yes,7,2021-08-12
P00984,Coca-Cola Orange Juice,Beverages,Cold Drinks & Juices,Coca-Cola,46,0,1155,4.1,19.95,33.52,No,490,2021-04-11
P00987,FreshBasket Potato,Fresh,Fruits & Vegetables,FreshBasket,31,0,1672,4.6,8.23,38.1,Yes,7,2021-08-01
P00990,Cadbury Dark Chocolate,Snacks,Chocolates & Sweets,Cadbury,404,15,754,4.8,5.46,38.82,No,320,2022-12-02
P00993,Cadbury Kaju Katli,Snacks,Chocolates & Sweets,Cadbury,441,15,517,3.3,34.62,37.23,No,621,2022-12-26
P00995,Aavin White Eggs,Fresh,Dairy & Eggs,Aavin,139,0,1829,3.4,33.16,29.18,Yes,9,2022-12-31
